"method","cluster#","cluster_colour","gene_count","gene_name","STM_id","protein_descr","cluster_name"
"MCL",1,"Red",16,"pdgL","99287.STM1599","D-alanyl-D-alanine dipeptidase; Catalyzes hydrolysis of the D-alanyl-D-alanine dipeptide.","SPI2- Bacterial secretion"
"MCL",1,"Red",16,"pipB2","99287.STM2780","Secreted effector protein PipB2; Effector proteins function to alter host cell physiology and promote bacterial survival in host tissues. Involved in the reorganization of late endosome/lysosome (LE/Lys) compartments in mammalian cells. Necessary and sufficient to link kinesin-1 onto the Salmonella-containing vacuole (SCV) membrane. Required for centrifugal extension of lysosomal glycoprotein-rich membrane tubules, known as Salmonella-induced filaments (Sifs), away from the SCV and toward the cell periphery. Required for virulence, but not for intracellular survival and replication in phagocyt","SPI2- Bacterial secretion"
"MCL",1,"Red",16,"ssaC","99287.STM1394","Secretion system apparatus protein; SpiA (gi|1498307)","SPI2- Bacterial secretion"
"MCL",1,"Red",16,"ssaD","99287.STM1395","Secretion system apparatus protein; SpiB (gi|1498308)","SPI2- Bacterial secretion"
"MCL",1,"Red",16,"ssaK","99287.STM1411","Secretion system apparatus protein SSAK. (SW:SSAK_SALTY)","SPI2- Bacterial secretion"
"MCL",1,"Red",16,"ssaL","99287.STM1412","Secretion system apparatus protein SSAL. (SW:SSAL_SALTY)","SPI2- Bacterial secretion"
"MCL",1,"Red",16,"ssaM","99287.STM1413","Secretion system apparatus protein SSAM. (SW:SSAM_SALTY)","SPI2- Bacterial secretion"
"MCL",1,"Red",16,"ssaN","99287.STM1415","Homology with the YscN family of proteins; probable secretion system apparatus ATP synthase SSAN. (SW:SSAN_SALTY); Belongs to the ATPase alpha/beta chains family.","SPI2- Bacterial secretion"
"MCL",1,"Red",16,"ssaO","99287.STM1416","Secretion system apparatus protein SSAO. (SW:SSAO_SALTY)","SPI2- Bacterial secretion"
"MCL",1,"Red",16,"ssaP","99287.STM1417","Secretion system apparatus protein SSAP. (SW:SSAP_SALTY)","SPI2- Bacterial secretion"
"MCL",1,"Red",16,"ssaQ","99287.STM1418","Secretion system apparatus protein SsaQ; Part of a type III secretion system.","SPI2- Bacterial secretion"
"MCL",1,"Red",16,"ssaU","99287.STM1422","Secretion system apparatus protein SsaU; Part of a type III secretion system; Belongs to the type III secretion exporter family.","SPI2- Bacterial secretion"
"MCL",1,"Red",16,"ssaV","99287.STM1414","Secretion system apparatus protein SsaV; Component of Salmonella pathogenicity island 2 (SPI-2) type III secretion system, required for secretion of some type III-secreted effectors including the SpvB toxin.","SPI2- Bacterial secretion"
"MCL",1,"Red",16,"sseD","99287.STM1401","Secreted effector protein SseD; Effector proteins function to alter host cell physiology and promote bacterial survival in host tissues. May act as a translocator that mediates translocation of SPI-2 TTSS effector proteins from intraphagosomal bacterial cells into the host cells.","SPI2- Bacterial secretion"
"MCL",1,"Red",16,"ssrA","99287.STM1392","Histidine kinase; SpiR (gi|1498305)","SPI2- Bacterial secretion"
"MCL",1,"Red",16,"ugtL","99287.STM1601","Putative membrane protein; Homology with chitinase from Schizosaccharomyces; putative membrane protein UgtL (gi|4585341)","SPI2- Bacterial secretion"
"MCL",2,"Salmon",15,"argA","99287.STM2992","Amino-acid acetyltransferase; similar to E. coli N-acetylglutamate synthase; amino acid acetyltransferase (AAC75857.1); Blastp hit to AAC75857.1 (443 aa), 93% identity in aa 1 - 443; Belongs to the acetyltransferase family. ArgA subfamily.","Pyrimidine and arginine synthesis"
"MCL",2,"Salmon",15,"argE","99287.STM4120","Acetylornithine deacetylase; Displays a broad specificity and can also deacylate substrates such as acetylarginine, acetylhistidine or acetylglutamate semialdehyde.","Pyrimidine and arginine synthesis"
"MCL",2,"Salmon",15,"argG","99287.STM3290","Similar to E. coli argininosuccinate synthetase (AAC76205.1); Blastp hit to AAC76205.1 (447 aa), 96% identity in aa 1 - 447; Belongs to the argininosuccinate synthase family. Type 2 subfamily.","Pyrimidine and arginine synthesis"
"MCL",2,"Salmon",15,"argH","99287.STM4123","Similar to E. coli argininosuccinate lyase (AAC76942.1); Blastp hit to AAC76942.1 (457 aa), 94% identity in aa 1 - 456","Pyrimidine and arginine synthesis"
"MCL",2,"Salmon",15,"argI","99287.STM4469","Ornithine carbamoyltransferase; Reversibly catalyzes the transfer of the carbamoyl group from carbamoyl phosphate (CP) to the N(epsilon) atom of ornithine (ORN) to produce L-citrulline.","Pyrimidine and arginine synthesis"
"MCL",2,"Salmon",15,"asnA","99287.STM3877","Aspartate--ammonia ligase; Similar to E. coli asparagine synthetase A (AAC76767.1); Blastp hit to AAC76767.1 (330 aa), 94% identity in aa 1 - 330; Belongs to the class-II aminoacyl-tRNA synthetase family. AsnA subfamily.","Pyrimidine and arginine synthesis"
"MCL",2,"Salmon",15,"aspC","99287.STM0998","Similar to E. coli aspartate aminotransferase (AAC74014.1); Blastp hit to AAC74014.1 (396 aa), 95% identity in aa 1 - 396; Belongs to the class-I pyridoxal-phosphate-dependent aminotransferase family.","Pyrimidine and arginine synthesis"
"MCL",2,"Salmon",15,"carA","99287.STM0066","Carbamoyl-phosphate synthase small chain. (SW:CARA_SALTY); Belongs to the CarA family.","Pyrimidine and arginine synthesis"
"MCL",2,"Salmon",15,"carB","99287.STM0067","Carbamoyl-phosphate synthase large chain. (SW:CARB_SALTY)","Pyrimidine and arginine synthesis"
"MCL",2,"Salmon",15,"lysA","99287.STM3013","Diaminopimelate decarboxylase; Specifically catalyzes the decarboxylation of meso- diaminopimelate (meso-DAP) to L-lysine.","Pyrimidine and arginine synthesis"
"MCL",2,"Salmon",15,"pyrB","99287.STM4460","Aspartate carbamoyltransferase catalytic chain. (SW:PYRB_SALTY)","Pyrimidine and arginine synthesis"
"MCL",2,"Salmon",15,"pyrC","99287.STM1163","Dihydroorotase; Catalyzes the reversible cyclization of carbamoyl aspartate to dihydroorotate.","Pyrimidine and arginine synthesis"
"MCL",2,"Salmon",15,"pyrD","99287.STM1058","Dihydroorotate dehydrogenase (quinone); Catalyzes the conversion of dihydroorotate to orotate with quinone as electron acceptor; Belongs to the dihydroorotate dehydrogenase family. Type 2 subfamily.","Pyrimidine and arginine synthesis"
"MCL",2,"Salmon",15,"pyrE","99287.STM3733","Orotate phosphoribosyltransferase; Catalyzes the transfer of a ribosyl phosphate group from 5- phosphoribose 1-diphosphate to orotate, leading to the formation of orotidine monophosphate (OMP).","Pyrimidine and arginine synthesis"
"MCL",2,"Salmon",15,"pyrF","99287.STM1707","Orotidine 5'-phosphate decarboxylase; Catalyzes the decarboxylation of orotidine 5'-monophosphate (OMP) to uridine 5'-monophosphate (UMP); Belongs to the OMP decarboxylase family. Type 1 subfamily.","Pyrimidine and arginine synthesis"
"MCL",3,"Fire Brick",15,"dppA","99287.STM3630","Dipeptide transport protein; ABC superfamily (peri_perm); similar to E. coli dipeptide transport protein (AAC76569.1); Blastp hit to AAC76569.1 (535 aa), 93% identity in aa 1 - 535","Peptide transport"
"MCL",3,"Fire Brick",15,"dppB","99287.STM3629","Dipeptide transport protein 1; ABC superfamily (membrane); similar to E. coli dipeptide transport system permease protein 1 (AAC76568.1); Blastp hit to AAC76568.1 (339 aa), 97% identity in aa 1 - 339","Peptide transport"
"MCL",3,"Fire Brick",15,"dppC","99287.STM3628","Dipeptide transport protein 2; ABC superfamily (membrane); similar to E. coli dipeptide transport system permease protein 2 (AAC76567.1); Blastp hit to AAC76567.1 (300 aa), 94% identity in aa 1 - 300","Peptide transport"
"MCL",3,"Fire Brick",15,"dppD","99287.STM3627","Dipeptide transport protein; ABC superfamily (atp_bind); similar to E. coli putative ATP-binding component of dipeptide transport system (AAC76566.1); Blastp hit to AAC76566.1 (327 aa), 95% identity in aa 1 - 327; Belongs to the ABC transporter superfamily.","Peptide transport"
"MCL",3,"Fire Brick",15,"dppF","99287.STM3626","Dipeptide transport protein; ABC superfamily (atp_bind); similar to E. coli putative ATP-binding component of dipeptide transport system (AAC76565.1); Blastp hit to AAC76565.1 (334 aa), 95% identity in aa 1 - 334; Belongs to the ABC transporter superfamily.","Peptide transport"
"MCL",3,"Fire Brick",15,"oppB","99287.STM1745","Oligopeptide transport system permease protein OppB; Part of the binding-protein-dependent transport system for oligopeptides; probably responsible for the translocation of the substrate across the membrane; Belongs to the binding-protein-dependent transport system permease family. OppBC subfamily.","Peptide transport"
"MCL",3,"Fire Brick",15,"oppC","99287.STM1744","Oligopeptide transport system permease protein OppC; Part of the binding-protein-dependent transport system for oligopeptides; probably responsible for the translocation of the substrate across the membrane; Belongs to the binding-protein-dependent transport system permease family. OppBC subfamily.","Peptide transport"
"MCL",3,"Fire Brick",15,"oppD","99287.STM1743","Oligopeptide transport ATP-binding protein OppD; Part of the binding-protein-dependent transport system for oligopeptides. Probably responsible for energy coupling to the transport system; Belongs to the ABC transporter superfamily.","Peptide transport"
"MCL",3,"Fire Brick",15,"rtn","99287.STM2215","Putative membrane protein involved in resistance to lambda and N4 phages; Similar to E. coli orf, hypothetical protein (AAC75237.1); Blastp hit to AAC75237.1 (518 aa), 70% identity in aa 1 - 518","Peptide transport"
"MCL",3,"Fire Brick",15,"sapA","99287.STM1692","Peptide transport periplasmic protein SapA; Involved in a peptide intake transport system that plays a role in the resistance to antimicrobial peptides. ; Belongs to the bacterial solute-binding protein 5 family.","Peptide transport"
"MCL",3,"Fire Brick",15,"sapF","99287.STM1696","Peptide transport system ATP-binding protein SapF; Involved in a peptide intake transport system that plays a role in the resistance to antimicrobial peptides. ; Belongs to the ABC transporter superfamily.","Peptide transport"
"MCL",3,"Fire Brick",15,"yejA","99287.STM2216","Putative ABC transporter periplasmic binding protein; Similar to E. coli orf, hypothetical protein (AAC75238.1); Blastp hit to AAC75238.1 (606 aa), 86% identity in aa 3 - 603","Peptide transport"
"MCL",3,"Fire Brick",15,"yejB","99287.STM2217","Putative ABC-type dipeptide/oligopeptide/nickel transport systems, permease component; Similar to E. coli putative transport system permease protein (AAC75239.1); Blastp hit to AAC75239.1 (364 aa), 96% identity in aa 1 - 364","Peptide transport"
"MCL",3,"Fire Brick",15,"yejE","99287.STM2218","Putative ABC-type dipeptide/oligopeptide/nickel transport systems, permease component; Similar to E. coli putative transport system permease protein (AAC75240.1); Blastp hit to AAC75240.1 (341 aa), 91% identity in aa 1 - 341","Peptide transport"
"MCL",3,"Fire Brick",15,"yejF","99287.STM2219","Contains duplicated ATPase domain; similar to E. coli putative ATP-binding component of a transport system (AAC75241.1); Blastp hit to AAC75241.1 (529 aa), 86% identity in aa 1 - 529; Belongs to the ABC transporter superfamily.","Peptide transport"
"MCL",4,"Sandy Brown 2",13,"cvpA","99287.STM2363","Similar to E. coli membrane protein required for colicin V production (AAC75373.1); Blastp hit to AAC75373.1 (162 aa), 96% identity in aa 1 - 161","Purine synthesis"
"MCL",4,"Sandy Brown 2",13,"guaA","99287.STM2510","GMP synthase [glutamine-hydrolyzing]; Catalyzes the synthesis of GMP from XMP.","Purine synthesis"
"MCL",4,"Sandy Brown 2",13,"guaB","99287.STM2511","Inosine-5'-monophosphate dehydrogenase; Catalyzes the conversion of inosine 5'-phosphate (IMP) to xanthosine 5'-phosphate (XMP), the first committed and rate-limiting step in the de novo synthesis of guanine nucleotides, and therefore plays an important role in the regulation of cell growth. ; Belongs to the IMPDH/GMPR family.","Purine synthesis"
"MCL",4,"Sandy Brown 2",13,"icc","99287.STM3183","3',5'-cyclic adenosine monophosphate phosphodiesterase CpdA; Hydrolyzes cAMP to 5'-AMP. Plays an important regulatory role in modulating the intracellular concentration of cAMP, thereby influencing cAMP-dependent processes.","Purine synthesis"
"MCL",4,"Sandy Brown 2",13,"purC","99287.STM2487","SAICAR synthetase; similar to E. coli phosphoribosylaminoimidazole-succinocarboxamide synthetase = SAICAR synthetase (AAC75529.1); Blastp hit to AAC75529.1 (237 aa), 94% identity in aa 1 - 237","Purine synthesis"
"MCL",4,"Sandy Brown 2",13,"purD","99287.STM4175","GAR synthetase; phosphoribosylamine--glycine ligase. (SW:PUR2_SALTY); Belongs to the GARS family.","Purine synthesis"
"MCL",4,"Sandy Brown 2",13,"purE","99287.STM0534","N5-carboxyaminoimidazole ribonucleotide mutase; Catalyzes the conversion of N5-carboxyaminoimidazole ribonucleotide (N5-CAIR) to 4-carboxy-5-aminoimidazole ribonucleotide (CAIR).","Purine synthesis"
"MCL",4,"Sandy Brown 2",13,"purF","99287.STM2362","Amidophosphoribosyltransferase; Catalyzes the formation of phosphoribosylamine from phosphoribosylpyrophosphate (PRPP) and glutamine; In the C-terminal section; belongs to the purine/pyrimidine phosphoribosyltransferase family.","Purine synthesis"
"MCL",4,"Sandy Brown 2",13,"purG","99287.STM2565","Phosphoribosylformylglycinamidine synthase; Phosphoribosylformylglycinamidine synthase involved in the purines biosynthetic pathway. Catalyzes the ATP-dependent conversion of formylglycinamide ribonucleotide (FGAR) and glutamine to yield formylglycinamidine ribonucleotide (FGAM) and glutamate.","Purine synthesis"
"MCL",4,"Sandy Brown 2",13,"purH","99287.STM4176","Phosphoribosylaminoimidazolecarboxamide formyltransferase; Bifunctional; bifunctional purine biosynthesis protein PURH. (SW:PUR9_SALTY); IMP cyclohydrolase","Purine synthesis"
"MCL",4,"Sandy Brown 2",13,"purK","99287.STM0533","N5-carboxyaminoimidazole ribonucleotide synthase; Catalyzes the ATP-dependent conversion of 5-aminoimidazole ribonucleotide (AIR) and HCO(3)(-) to N5-carboxyaminoimidazole ribonucleotide (N5-CAIR).","Purine synthesis"
"MCL",4,"Sandy Brown 2",13,"purM","99287.STM2499","Phosphoribosylformylglycinamidine cyclo-ligase; AIR synthetase; similar to E. coli phosphoribosylaminoimidazole synthetase = AIR synthetase (AAC75552.1); Blastp hit to AAC75552.1 (345 aa), 91% identity in aa 1 - 345","Purine synthesis"
"MCL",4,"Sandy Brown 2",13,"purN","99287.STM2500","Phosphoribosylglycinamide formyltransferase; Catalyzes the transfer of a formyl group from 10- formyltetrahydrofolate to 5-phospho-ribosyl-glycinamide (GAR), producing 5-phospho-ribosyl-N-formylglycinamide (FGAR) and tetrahydrofolate.","Purine synthesis"
"MCL",5,"Saddle Brown",10,"ghmA","99287.STM0310","Phosphoheptose isomerase; Catalyzes the isomerization of sedoheptulose 7-phosphate in D-glycero-D-manno-heptose 7-phosphate; Belongs to the SIS family. GmhA subfamily.","Sugar_LPS modification"
"MCL",5,"Saddle Brown",10,"rfaC","99287.STM3712","Lipopolysaccharide heptosyltransferase 1; Heptose transfer to the lipopolysaccharide core. It transfers the innermost heptose to [4'-P](3-deoxy-D-manno-octulosonic acid)2-IVA; Belongs to the glycosyltransferase 9 family.","Sugar_LPS modification"
"MCL",5,"Saddle Brown",10,"rfaD","99287.STM3710","ADP-L-glycero-D-manno-heptose-6-epimerase; Catalyzes the interconversion between ADP-D-glycero-beta-D- manno-heptose and ADP-L-glycero-beta-D-manno-heptose via an epimerization at carbon 6 of the heptose.","Sugar_LPS modification"
"MCL",5,"Saddle Brown",10,"rfaE","99287.STM3200","D-beta-D-heptose 1-phosphate adenylyltransferase; Catalyzes the phosphorylation of D-glycero-D-manno-heptose 7- phosphate at the C-1 position to selectively form D-glycero-beta-D- manno-heptose-1,7-bisphosphate; In the N-terminal section; belongs to the carbohydrate kinase PfkB family.","Sugar_LPS modification"
"MCL",5,"Saddle Brown",10,"rfaF","99287.STM3711","ADP-heptose--LPS heptosyltransferase 2; AFP-heptose--lps heptosyltransferase II. (SW:RFAF_SALTY)","Sugar_LPS modification"
"MCL",5,"Saddle Brown",10,"rfaG","99287.STM3722","Similar to E. coli glucosyltransferase I; lipopolysaccharide core biosynthesis (AAC76655.1); Blastp hit to AAC76655.1 (374 aa), 86% identity in aa 1 - 374","Sugar_LPS modification"
"MCL",5,"Saddle Brown",10,"rfaK","99287.STM3714","Lipopolysaccharide 1,2-N-acetylglucosaminetransferase; Adds the terminal N-acetyl-D-glucosamine group on the glucose(II) group of LPS; Belongs to the glycosyltransferase group 1 family. Glycosyltransferase 4 subfamily.","Sugar_LPS modification"
"MCL",5,"Saddle Brown",10,"rfaL","99287.STM3713","O-antigen ligase; Adds the O-antigen on the glucose(II) group of LPS.","Sugar_LPS modification"
"MCL",5,"Saddle Brown",10,"rfaP","99287.STM3721","Lipopolysaccharide core heptose(I) kinase RfaP; Catalyzes the phosphorylation of heptose(I) of the outer membrane lipopolysaccharide core.","Sugar_LPS modification"
"MCL",5,"Saddle Brown",10,"yaeD","99287.STM0248","D-glycero-beta-D-manno-heptose-1,7-bisphosphate 7-phosphatase; Converts the D-glycero-beta-D-manno-heptose 1,7-bisphosphate intermediate into D-glycero-beta-D-manno-heptose 1-phosphate by removing the phosphate group at the C-7 position; Belongs to the GmhB family.","Sugar_LPS modification"
"MCL",6,"Sandy Brown",8,"asmA","99287.STM2120","Similar to E. coli suppressor of ompF assembly mutants (AAC75125.1); Blastp hit to AAC75125.1 (617 aa), 76% identity in aa 1 - 617","Histidine synthesis"
"MCL",6,"Sandy Brown",8,"hisA","99287.STM2076","1-(5-phosphoribosyl)-5-[(5-phosphoribosylamino)methylideneamino] imidazole-4-carboxamide isomerase; Phosphoribosylformimino-5-aminoimidazole carboxamide ribotideisomerase. (SW:HIS4_SALTY)","Histidine synthesis"
"MCL",6,"Sandy Brown",8,"hisB","99287.STM2074","Bifunctional; histidine biosynthesis bifunctional protein HISB [includes:histidinol-phosphatase ]. (SW:HIS7_SALTY); In the C-terminal section; belongs to the imidazoleglycerol-phosphate dehydratase family.","Histidine synthesis"
"MCL",6,"Sandy Brown",8,"hisC","99287.STM2073","Histidinol-phosphate aminotransferase. (SW:HIS8_SALTY); Belongs to the class-II pyridoxal-phosphate-dependent aminotransferase family. Histidinol-phosphate aminotransferase subfamily.","Histidine synthesis"
"MCL",6,"Sandy Brown",8,"hisD","99287.STM2072","Histidinol dehydrogenase; Catalyzes the sequential NAD-dependent oxidations of L- histidinol to L-histidinaldehyde and then to L-histidine.","Histidine synthesis"
"MCL",6,"Sandy Brown",8,"hisF","99287.STM2077","Imidazole glycerol phosphate synthase subunit HisF; IGPS catalyzes the conversion of PRFAR and glutamine to IGP, AICAR and glutamate. The HisF subunit catalyzes the cyclization activity that produces IGP and AICAR from PRFAR using the ammonia provided by the HisH subunit (By similarity).","Histidine synthesis"
"MCL",6,"Sandy Brown",8,"hisG","99287.STM2071","ATP phosphoribosyltransferase; Catalyzes the condensation of ATP and 5-phosphoribose 1- diphosphate to form N'-(5'-phosphoribosyl)-ATP (PR-ATP). Has a crucial role in the pathway because the rate of histidine biosynthesis seems to be controlled primarily by regulation of HisG enzymatic activity (By similarity); Belongs to the ATP phosphoribosyltransferase family. Long subfamily.","Histidine synthesis"
"MCL",6,"Sandy Brown",8,"hisH","99287.STM2075","Imidazole glycerol phosphate synthase subunit HisH; IGPS catalyzes the conversion of PRFAR and glutamine to IGP, AICAR and glutamate. The HisH subunit catalyzes the hydrolysis of glutamine to glutamate and ammonia as part of the synthesis of IGP and AICAR. The resulting ammonia molecule is channeled to the active site of HisF (By similarity).","Histidine synthesis"
"MCL",7,"Dark Golden Rod",6,"astE","99287.STM1307","Succinylglutamate desuccinylase; Transforms N(2)-succinylglutamate into succinate and glutamate.","Histidine synthesis"
"MCL",7,"Dark Golden Rod",6,"hisJ","99287.STM2354","Histidine-binding periplasmic protein; Part of the histidine permease ABC transporter. Binds histidine. Interacts with HisQMP and stimulates ATPase activity of HisP, which results in histidine translocation. May have some additional function(s) in translocation that is independent of the stimulation of ATP hydrolysis.","Histidine synthesis"
"MCL",7,"Dark Golden Rod",6,"hisM","99287.STM2352","Histidine transport system permease protein HisM; Part of the histidine permease ABC transporter. Also part of a lysine/arginine/ornithine transporter. Probably responsible for the translocation of the substrate across the membrane. Required to relay the ATPase-inducing signal from the solute-binding protein to HisP.","Histidine synthesis"
"MCL",7,"Dark Golden Rod",6,"hisP","99287.STM2351","Histidine transport ATP-binding protein HisP; Part of the histidine permease ABC transporter. Also part of a lysine/arginine/ornithine transporter. Responsible for energy coupling to the transport system.","Histidine synthesis"
"MCL",7,"Dark Golden Rod",6,"hisQ","99287.STM2353","Histidine transport system permease protein HisQ; Part of the histidine permease ABC transporter. Also part of a lysine/arginine/ornithine transporter. Probably responsible for the translocation of the substrate across the membrane. Required to relay the ATPase-inducing signal from the solute-binding protein to HisP.","Histidine synthesis"
"MCL",7,"Dark Golden Rod",6,"pstB","99287.STM3854","Phosphate import ATP-binding protein PstB; Part of the ABC transporter complex PstSACB involved in phosphate import. Responsible for energy coupling to the transport system; Belongs to the ABC transporter superfamily. Phosphate importer (TC 3.A.1.7) family.",""
"MCL",8,"Sandy Brown 3",6,"aroA","99287.STM0978","3-phosphoshikimate 1-carboxyvinyltransferase; Catalyzes the transfer of the enolpyruvyl moiety of phosphoenolpyruvate (PEP) to the 5-hydroxyl of shikimate-3-phosphate (S3P) to produce enolpyruvyl shikimate-3-phosphate and inorganic phosphate.","Aromatic AA synthesis"
"MCL",8,"Sandy Brown 3",6,"aroB","99287.STM3486","3-dehydroquinate synthase; Catalyzes the conversion of 3-deoxy-D-arabino-heptulosonate 7-phosphate (DAHP) to dehydroquinate (DHQ); Belongs to the sugar phosphate cyclases superfamily. Dehydroquinate synthase family.","Aromatic AA synthesis"
"MCL",8,"Sandy Brown 3",6,"aroC","99287.STM2384","Chorismate synthase; Catalyzes the anti-1,4-elimination of the C-3 phosphate and the C-6 proR hydrogen from 5-enolpyruvylshikimate-3-phosphate (EPSP) to yield chorismate, which is the branch point compound that serves as the starting substrate for the three terminal pathways of aromatic amino acid biosynthesis. This reaction introduces a second double bond into the aromatic ring system.","Aromatic AA synthesis"
"MCL",8,"Sandy Brown 3",6,"aroD","99287.STM1358","3-dehydroquinate dehydratase; Involved in the third step of the chorismate pathway, which leads to the biosynthesis of aromatic amino acids. Catalyzes the cis- dehydration of 3-dehydroquinate (DHQ) and introduces the first double bond of the aromatic ring to yield 3-dehydroshikimate. The reaction involves the formation of an imine intermediate between the keto group of 3-dehydroquinate and the epsylon-amino group of a lys-170 at the active site. ECO:0000269|PubMed:21087925, ECO:0000269|PubMed:21291284,; Belongs to the type-I 3-dehydroquinase family.","Aromatic AA synthesis"
"MCL",8,"Sandy Brown 3",6,"aroH","99287.STM1347","Phospho-2-dehydro-3-deoxyheptonate aldolase, Trp-sensitive; Stereospecific condensation of phosphoenolpyruvate (PEP) and D-erythrose-4-phosphate (E4P) giving rise to 3-deoxy-D-arabino- heptulosonate-7-phosphate (DAHP).","Aromatic AA synthesis"
"MCL",8,"Sandy Brown 3",6,"aroK","99287.STM3487","Shikimate kinase 1; Catalyzes the specific phosphorylation of the 3-hydroxyl group of shikimic acid using ATP as a cosubstrate; Belongs to the shikimate kinase family.","Aromatic AA synthesis"
"MCL",9,"Brown",5,"bioA","99287.STM0793","Adenosylmethionine-8-amino-7-oxononanoate aminotransferase; Catalyzes the transfer of the alpha-amino group from S- adenosyl-L-methionine (SAM) to 7-keto-8-aminopelargonic acid (KAPA) to form 7,8-diaminopelargonic acid (DAPA). It is the only animotransferase known to utilize SAM as an amino donor; Belongs to the class-III pyridoxal-phosphate-dependent aminotransferase family. BioA subfamily.","Biotin synthesis"
"MCL",9,"Brown",5,"bioB","99287.STM0794","Biotin synthase; Catalyzes the conversion of dethiobiotin (DTB) to biotin by the insertion of a sulfur atom into dethiobiotin via a radical-based mechanism; Belongs to the radical SAM superfamily. Biotin synthase family.","Biotin synthesis"
"MCL",9,"Brown",5,"bioC","99287.STM0796","Malonyl-[acyl-carrier protein] O-methyltransferase; Converts the free carboxyl group of a malonyl-thioester to its methyl ester by transfer of a methyl group from S-adenosyl-L- methionine (SAM). It allows to synthesize pimeloyl-ACP via the fatty acid synthetic pathway.","Biotin synthesis"
"MCL",9,"Brown",5,"bioF","99287.STM0795","8-amino-7-oxononanoate synthase; Catalyzes the decarboxylative condensation of pimeloyl-[acyl- carrier protein] and L-alanine to produce 8-amino-7-oxononanoate (AON), [acyl-carrier protein], and carbon dioxide.","Biotin synthesis"
"MCL",9,"Brown",5,"bioH","99287.STM3509","Pimeloyl-[acyl-carrier protein] methyl ester esterase; The physiological role of BioH is to remove the methyl group introduced by BioC when the pimeloyl moiety is complete. It allows to synthesize pimeloyl-ACP via the fatty acid synthetic pathway through the hydrolysis of the ester bonds of pimeloyl-ACP esters.","Biotin synthesis"
"MCL",10,"Yellow",4,"ddlB","99287.STM0130","D-alanine--D-alanine ligase B; Cell wall formation; Belongs to the D-alanine--D-alanine ligase family.",""
"MCL",10,"Yellow",4,"murD","99287.STM0126","UDP-N-acetylmuramoylalanine--D-glutamate ligase; Cell wall formation. Catalyzes the addition of glutamate to the nucleotide precursor UDP-N-acetylmuramoyl-L-alanine (UMA). ; Belongs to the MurCDEF family.",""
"MCL",10,"Yellow",4,"yabB","99287.STM0119","Transcriptional regulator MraZ; Negatively regulates its own expression and that of the subsequent genes in the proximal part of the division and cell wall (dcw) gene cluster. Acts by binding directly to DNA. May also regulate the expression of genes outside the dcw cluster.",""
"MCL",10,"Yellow",4,"yabC","99287.STM0120","Ribosomal RNA small subunit methyltransferase H; Specifically methylates the N4 position of cytidine in position 1402 (C1402) of 16S rRNA.",""
"MCL",11,"Green",4,"nuoC","99287.STM2326","NADH-quinone oxidoreductase subunit C/D; NDH-1 shuttles electrons from NADH, via FMN and iron-sulfur (Fe-S) centers, to quinones in the respiratory chain. The immediate electron acceptor for the enzyme in this species is believed to be ubiquinone. Couples the redox reaction to proton translocation (for every two electrons transferred, four hydrogen ions are translocated across the cytoplasmic membrane), and thus conserves the redox energy in a proton gradient; In the N-terminal section; belongs to the complex I 30 kDa subunit family.","Redox"
"MCL",11,"Green",4,"nuoH","99287.STM2322","NADH-quinone oxidoreductase subunit H; NDH-1 shuttles electrons from NADH, via FMN and iron-sulfur (Fe-S) centers, to quinones in the respiratory chain. The immediate electron acceptor for the enzyme in this species is believed to be ubiquinone. Couples the redox reaction to proton translocation (for every two electrons transferred, four hydrogen ions are translocated across the cytoplasmic membrane), and thus conserves the redox energy in a proton gradient. This subunit may bind ubiquinone.","Redox"
"MCL",11,"Green",4,"nuoJ","99287.STM2320","NADH-quinone oxidoreductase subunit J; NDH-1 shuttles electrons from NADH, via FMN and iron-sulfur (Fe-S) centers, to quinones in the respiratory chain. Couples the redox reaction to proton translocation (for every two electrons transferred, four hydrogen ions are translocated across the cytoplasmic membrane), and thus conserves the redox energy in a proton gradient.","Redox"
"MCL",11,"Green",4,"yhcB","99287.STM3347","Putative periplasmic protein; Similar to E. coli orf, hypothetical protein (AAC76265.1); Blastp hit to AAC76265.1 (134 aa), 97% identity in aa 1 - 134","Redox"
"MCL",12,"Light Green",4,"cydC","99287.STM0956","Cytochrome-related transporter; ABC superfamily (atp&memb); similar to E. coli ATP-binding component of cytochrome-related transport (AAC73972.1); Blastp hit to AAC73972.1 (573 aa), 86% identity in aa 1 - 573","ABC_transporter"
"MCL",12,"Light Green",4,"cydD","99287.STM0957","Cytochrome-related transporter; Zn sensitive; ABC superfamily (atp&memb); similar to E. coli ATP-binding component of cytochrome-related transport, Zn sensitive (AAC73973.1); Blastp hit to AAC73973.1 (588 aa), 90% identity in aa 1 - 588","ABC_transporter"
"MCL",12,"Light Green",4,"yaeC","99287.STM0245","D-methionine-binding lipoprotein MetQ; This protein is a component of a D-methionine permease, a binding protein-dependent, ATP-driven transport system.","ABC_transporter"
"MCL",12,"Light Green",4,"yaeE","99287.STM0246","D-methionine transport system permease protein MetI; Part of the binding-protein-dependent transport system for D- methionine and the toxic methionine analog alpha-methyl-methionine. Probably responsible for the translocation of the substrate across the membrane (By similarity).","ABC_transporter"
"MCL",13,"Light Green 2",4,"ruvA","99287.STM1895","Holliday junction ATP-dependent DNA helicase RuvA; The RuvA-RuvB complex in the presence of ATP renatures cruciform structure in supercoiled DNA with palindromic sequence, indicating that it may promote strand exchange reactions in homologous recombination. RuvAB is a helicase that mediates the Holliday junction migration by localized denaturation and reannealing. RuvA stimulates, in the presence of DNA, the weak ATPase activity of RuvB.","DNA repair"
"MCL",13,"Light Green 2",4,"ruvB","99287.STM1894","Holliday junction ATP-dependent DNA helicase RuvB; The RuvA-RuvB complex in the presence of ATP renatures cruciform structure in supercoiled DNA with palindromic sequence, indicating that it may promote strand exchange reactions in homologous recombination. RuvAB is a helicase that mediates the Holliday junction migration by localized denaturation and reannealing.","DNA repair"
"MCL",13,"Light Green 2",4,"ruvC","99287.STM1898","Crossover junction endodeoxyribonuclease RuvC; Nuclease that resolves Holliday junction intermediates in genetic recombination. Cleaves the cruciform structure in supercoiled DNA by nicking to strands with the same polarity at sites symmetrically opposed at the junction in the homologous arms and leaves a 5'-terminal phosphate and a 3'-terminal hydroxyl group.","DNA repair"
"MCL",13,"Light Green 2",4,"xerC","99287.STM3949","Tyrosine recombinase XerC; Site-specific tyrosine recombinase, which acts by catalyzing the cutting and rejoining of the recombining DNA molecules. Binds cooperatively to specific DNA consensus sequences that are separated from XerD binding sites by a short central region, forming the heterotetrameric XerC-XerD complex that recombines DNA substrates. The complex is essential to convert dimers of the bacterial chromosome into monomers to permit their segregation at cell division. It also contributes to the segregational stability of plasmids. In the complex XerC specifically exchanges the top D","DNA repair"
"MCL",14,"Medium Aqua Marine",4,"flgM","99287.STM1172","Negative regulator of flagellin synthesis; Responsible for the coupling of flagellin expression to flagellar assembly by preventing expression of the flagellin genes when a component of the middle class of proteins is defective. It negatively regulates flagellar genes by inhibiting the activity of FliA by directly binding to FliA; Belongs to the FlgM family.","Flagellar"
"MCL",14,"Medium Aqua Marine",4,"flgN","99287.STM1171","Flagella synthesis protein FlgN; Required for the efficient initiation of filament assembly.","Flagellar"
"MCL",14,"Medium Aqua Marine",4,"fliM","99287.STM1976","Flagellar motor switch protein FliM; FliM is one of three proteins (FliG, FliN, FliM) that forms the rotor-mounted switch complex (C ring), located at the base of the basal body. This complex interacts with the CheY and CheZ chemotaxis proteins, in addition to contacting components of the motor that determine the direction of flagellar rotation (By similarity).","Flagellar"
"MCL",14,"Medium Aqua Marine",4,"ydiV","99287.STM1344","Anti-FlhC(2)FlhD(4) factor YdiV; Acts as an anti-FlhC(2)FlhD(4) factor by binding to FlhD, decreasing its ability to bind DNA, and thus negatively regulates expression of flagellar class II operons, decreasing motility in nutrient-poor medium. Required for resistance to host phagocyte oxidase. Suppresses killing of macrophages, while promoting resistance to hydrogen peroxide. Data regarding c-di-GMP is controversial; suppresses bacterial c-di-GMP levels  but neither synthesizes nor degrades c-di-GMP . ; Belongs to the YdiV family.","Flagellar"
"MCL",15,"Aquamarine 3",3,"dnaJ","99287.STM0013","Chaperone protein DnaJ; Participates actively in the response to hyperosmotic and heat shock by preventing the aggregation of stress-denatured proteins and by disaggregating proteins, also in an autonomous, DnaK-independent fashion. Unfolded proteins bind initially to DnaJ; upon interaction with the DnaJ-bound protein, DnaK hydrolyzes its bound ATP, resulting in the formation of a stable complex. GrpE releases ADP from DnaK; ATP binding to DnaK triggers the release of the substrate protein, thus completing the reaction cycle. Several rounds of ATP-dependent interactions between DnaJ, DnaK and","Chaperones_HSP"
"MCL",15,"Aquamarine 3",3,"grpE","99287.STM2681","Protein GrpE; Participates actively in the response to hyperosmotic and heat shock by preventing the aggregation of stress-denatured proteins, in association with DnaK and GrpE. It is the nucleotide exchange factor for DnaK and may function as a thermosensor. Unfolded proteins bind initially to DnaJ; upon interaction with the DnaJ-bound protein, DnaK hydrolyzes its bound ATP, resulting in the formation of a stable complex. GrpE releases ADP from DnaK; ATP binding to DnaK triggers the release of the substrate protein, thus completing the reaction cycle. Several rounds of ATP-dependent interacti","Chaperones_HSP"
"MCL",15,"Aquamarine 3",3,"lon","99287.STM0450","Lon protease; ATP-dependent serine protease that mediates the selective degradation of mutant and abnormal proteins as well as certain short- lived regulatory proteins. Required for cellular homeostasis and for survival from DNA damage and developmental changes induced by stress. Degrades polypeptides processively to yield small peptide fragments that are 5 to 10 amino acids long. Binds to DNA in a double-stranded, site-specific manner.","Chaperones_HSP"
"MCL",16,"Aquamarine",3,"apaH","99287.STM0088","Bis(5'-nucleosyl)-tetraphosphatase, symmetrical; Hydrolyzes diadenosine 5',5'''-P1,P4-tetraphosphate to yield ADP; Belongs to the Ap4A hydrolase family.",""
"MCL",16,"Aquamarine",3,"ksgA","99287.STM0090","Ribosomal RNA small subunit methyltransferase A; Specifically dimethylates two adjacent adenosines (A1518 and A1519) in the loop of a conserved hairpin near the 3'-end of 16S rRNA in the 30S particle. May play a critical role in biogenesis of 30S subunits.",""
"MCL",16,"Aquamarine",3,"surA","99287.STM0092","Chaperone SurA; Chaperone involved in the correct folding and assembly of outer membrane proteins. Recognizes specific patterns of aromatic residues and the orientation of their side chains, which are found more frequently in integral outer membrane proteins. May act in both early periplasmic and late outer membrane-associated steps of protein maturation.","Chaperones_HSP"
"MCL",17,"Cyan",3,"dksA","99287.STM0186","RNA polymerase-binding transcription factor DksA; Transcription factor that acts by binding directly to the RNA polymerase (RNAP). Required for negative regulation of rRNA expression and positive regulation of several amino acid biosynthesis promoters. Also required for regulation of fis expression.",""
"MCL",17,"Cyan",3,"nusA","99287.STM3287","Transcription termination/antitermination protein NusA; Participates in both transcription termination and antitermination.","Transcription_SigmaFactor"
"MCL",17,"Cyan",3,"rpoZ","99287.STM3741","DNA-directed RNA polymerase subunit omega; Promotes RNA polymerase assembly. Latches the N- and C- terminal regions of the beta' subunit thereby facilitating its interaction with the beta and alpha subunits (By similarity).","Transcription_SigmaFactor"
"MCL",18,"Aquamarine 2",3,"rpoS","99287.STM2924","RNA polymerase sigma factor RpoS; Sigma factors are initiation factors that promote the attachment of RNA polymerase to specific initiation sites and are then released. This sigma factor is the master transcriptional regulator of the stationary phase and the general stress response.","Transcription_SigmaFactor"
"MCL",18,"Aquamarine 2",3,"secA","99287.STM0136","Protein translocase subunit SecA; Part of the Sec protein translocase complex. Interacts with the SecYEG preprotein conducting channel. Has a central role in coupling the hydrolysis of ATP to the transfer of proteins into and across the cell membrane, serving both as a receptor for the preprotein-SecB complex and as an ATP-driven molecular motor driving the stepwise translocation of polypeptide chains across the membrane.",""
"MCL",18,"Aquamarine 2",3,"yajC","99287.STM0406","Sec translocon accessory complex subunit YajC; The SecYEG-SecDF-YajC-YidC holo-translocon (HTL) protein secretase/insertase is a supercomplex required for protein secretion, insertion of proteins into membranes, and assembly of membrane protein complexes. While the SecYEG complex is essential for assembly of a number of proteins and complexes, the SecDF-YajC-YidC subcomplex facilitates these functions.",""
"MCL",19,"Aquamarine 4",3,"mfd","99287.STM1216","Transcription-repair-coupling factor; Couples transcription and DNA repair by recognizing RNA polymerase (RNAP) stalled at DNA lesions. Mediates ATP-dependent release of RNAP and its truncated transcript from the DNA, and recruitment of nucleotide excision repair machinery to the damaged site; In the C-terminal section; belongs to the helicase family. RecG subfamily.",""
"MCL",19,"Aquamarine 4",3,"polA","99287.STM3999","DNA polymerase I; In addition to polymerase activity, this DNA polymerase exhibits 3'-5' and 5'-3' exonuclease activity. It is able to utilize nicked circular duplex DNA as a template and can unwind the parental DNA strand from its template.",""
"MCL",19,"Aquamarine 4",3,"recG","99287.STM3744","ATP-dependent DNA helicase RecG; Critical role in recombination and DNA repair. Helps process Holliday junction intermediates to mature products by catalyzing branch migration. Has a DNA unwinding activity characteristic of a DNA helicase with a 3'- to 5'- polarity. Unwinds branched duplex DNA (Y- DNA); Belongs to the helicase family. RecG subfamily.",""
"MCL",20,"Sky Blue 4",3,"rplA","99287.STM4150","50S ribosomal protein L1; Binds directly to 23S rRNA. The L1 stalk is quite mobile in the ribosome, and is involved in E site tRNA release.",""
"MCL",20,"Sky Blue 4",3,"rpoC","99287.STM4154","DNA-directed RNA polymerase subunit beta; DNA-dependent RNA polymerase catalyzes the transcription of DNA into RNA using the four ribonucleoside triphosphates as substrates.",""
"MCL",20,"Sky Blue 4",3,"smpB","99287.STM2688","SsrA-binding protein; Required for rescue of stalled ribosomes mediated by trans- translation. Binds to transfer-messenger RNA (tmRNA), required for stable association of tmRNA with ribosomes. tmRNA and SmpB together mimic tRNA shape, replacing the anticodon stem-loop with SmpB. tmRNA is encoded by the ssrA gene; the 2 termini fold to resemble tRNA(Ala) and it encodes a 'tag peptide', a short internal open reading frame. During trans-translation Ala-aminoacylated tmRNA acts like a tRNA, entering the A-site of stalled ribosomes, displacing the stalled mRNA. The ribosome then switches to transla",""
"MCL",21,"Sky Blue 2",3,"aceE","99287.STM0152","Pyruvate dehydrogenase E1 component; Component of the pyruvate dehydrogenase (PDH) complex, that catalyzes the overall conversion of pyruvate to acetyl-CoA and CO(2).","acetylCoA_synthes"
"MCL",21,"Sky Blue 2",3,"aceF","99287.STM0153","Acetyltransferase component of pyruvate dehydrogenase complex; The pyruvate dehydrogenase complex catalyzes the overall conversion of pyruvate to acetyl-CoA and CO(2).","acetylCoA_synthes"
"MCL",21,"Sky Blue 2",3,"pdhR","99287.STM0151","Pyruvate dehydrogenase complex repressor; Transcriptional repressor for the pyruvate dehydrogenase complex genes aceEF and lpd.","acetylCoA_synthes"
"MCL",22,"Sky Blue",3,"cafA","99287.STM3370","RNase G; Similar to E. coli bundles of cytoplasmic filaments (AAC76279.1); Blastp hit to AAC76279.1 (495 aa), 96% identity in aa 7 - 495",""
"MCL",22,"Sky Blue",3,"pnp","99287.STM3282","Polyribonucleotide nucleotidyltransferase; Involved in mRNA degradation. Catalyzes the phosphorolysis of single-stranded polyribonucleotides processively in the 3'- to 5'- direction. Is a global regulator of virulence and persistency.",""
"MCL",22,"Sky Blue",3,"vacB","99287.STM4368","Ribonuclease R; 3'-5' exoribonuclease that releases 5'-nucleoside monophosphates and is involved in maturation of structured RNAs. ; Belongs to the RNR ribonuclease family. RNase R subfamily.",""
"MCL",23,"Sky Blue 3",3,"galU","99287.STM1752","Similar to E. coli glucose-1-phosphate uridylyltransferase (AAC74318.1); Blastp hit to AAC74318.1 (302 aa), 97% identity in aa 1 - 302",""
"MCL",23,"Sky Blue 3",3,"himD","99287.STM0982","Integration host factor subunit beta; This protein is one of the two subunits of integration host factor, a specific DNA-binding protein that functions in genetic recombination as well as in transcriptional and translational control. ; Belongs to the bacterial histone-like protein family.",""
"MCL",23,"Sky Blue 3",3,"rfbK","99287.STM2083","Phosphomannomutase; Involved in GDP-mannose biosynthesis which serves as the activated sugar nucleotide precursor for mannose residues in cell surface polysaccharides. This enzyme participates in synthesis of the LPS group B O antigen; Belongs to the phosphohexose mutase family.",""
"MCL",24,"Cornflower Blue 3",3,"ftsN","99287.STM4093","Cell division protein FtsN; Essential cell division protein that activates septal peptidoglycan synthesis and constriction of the cell. Acts on both sides of the membrane, via interaction with FtsA in the cytoplasm and interaction with the FtsQBL complex in the periplasm. These interactions may induce a conformational switch in both FtsA and FtsQBL, leading to septal peptidoglycan synthesis by FtsI and associated synthases.",""
"MCL",24,"Cornflower Blue 3",3,"yciC","99287.STM1734","UPF0259 membrane protein YciC; Similar to E. coli orf, hypothetical protein (AAC74337.1); Blastp hit to AAC74337.1 (247 aa), 87% identity in aa 1 - 247",""
"MCL",24,"Cornflower Blue 3",3,"yiiQ","99287.STM4082","Putative periplasmic protein; Similar to E. coli orf, hypothetical protein (AAC76902.1); Blastp hit to AAC76902.1 (199 aa), 81% identity in aa 1 - 198",""
"MCL",25,"Cornflower Blue 2",3,"recB","99287.STM2994","RecBCD enzyme subunit RecB; A helicase/nuclease that prepares dsDNA breaks (DSB) for recombinational DNA repair. Binds to DSBs and unwinds DNA via a highly rapid and processive ATP-dependent bidirectional helicase activity. Unwinds dsDNA until it encounters a Chi (crossover hotspot instigator) sequence from the 3' direction. Cuts ssDNA a few nucleotides 3' to the Chi site. The properties and activities of the enzyme are changed at Chi. The Chi-altered holoenzyme produces a long 3'-ssDNA overhang and facilitates RecA-binding to the ssDNA for homologous DNA recombination and repair. Holoenzyme d","DNA repair"
"MCL",25,"Cornflower Blue 2",3,"recC","99287.STM2996","RecBCD enzyme subunit RecC; A helicase/nuclease that prepares dsDNA breaks (DSB) for recombinational DNA repair. Binds to DSBs and unwinds DNA via a highly rapid and processive ATP-dependent bidirectional helicase activity. Unwinds dsDNA until it encounters a Chi (crossover hotspot instigator) sequence from the 3' direction. Cuts ssDNA a few nucleotides 3' to the Chi site. The properties and activities of the enzyme are changed at Chi. The Chi-altered holoenzyme produces a long 3'-ssDNA overhang and facilitates RecA-binding to the ssDNA for homologous DNA recombination and repair. Holoenzyme d","DNA repair"
"MCL",25,"Cornflower Blue 2",3,"recD","99287.STM2993","RecBCD enzyme subunit RecD; A helicase/nuclease that prepares dsDNA breaks (DSB) for recombinational DNA repair. Binds to DSBs and unwinds DNA via a highly rapid and processive ATP-dependent bidirectional helicase activity. Unwinds dsDNA until it encounters a Chi (crossover hotspot instigator) sequence from the 3' direction. Cuts ssDNA a few nucleotides 3' to the Chi site. The properties and activities of the enzyme are changed at Chi. The Chi-altered holoenzyme produces a long 3'-ssDNA overhang and facilitates RecA-binding to the ssDNA for homologous DNA recombination and repair. Holoenzyme d","DNA repair"
"MCL",26,"Blue",3,"ptsI","99287.STM2432","Phosphoenolpyruvate-protein phosphotransferase; General (non sugar-specific) component of the phosphoenolpyruvate-dependent sugar phosphotransferase system (sugar PTS). This major carbohydrate active-transport system catalyzes the phosphorylation of incoming sugar substrates concomitantly with their translocation across the cell membrane. Enzyme I transfers the phosphoryl group from phosphoenolpyruvate (PEP) to the phosphoryl carrier protein (HPr).",""
"MCL",26,"Blue",3,"ptsN","99287.STM3322","Sugar specific PTS family enzyme IIA; Also regulates N metabolism; similar to E. coli phosphotransferase system enzyme IIA, regulates N metabolism (AAC76236.1); Blastp hit to AAC76236.1 (163 aa), 95% identity in aa 1 - 163",""
"MCL",26,"Blue",3,"yhbJ","99287.STM3323","RNase adapter protein RapZ; Modulates the synthesis of GlmS, by affecting the processing and stability of the regulatory small RNA GlmZ. When glucosamine-6- phosphate (GlcN6P) concentrations are high in the cell, RapZ binds GlmZ and targets it to cleavage by RNase E. Consequently, GlmZ is inactivated and unable to activate GlmS synthesis. Under low GlcN6P concentrations, RapZ is sequestered and inactivated by an other regulatory small RNA, GlmY, preventing GlmZ degradation and leading to synthesis of GlmS; Belongs to the RapZ-like family. RapZ subfamily.",""
"MCL",27,"Cornflower Blue",3,"cpxR","99287.STM4059","Response reguator in two-component regulatory system with CpxA; Regulates expression of protein folding and degrading factors (OmpR family); similar to E. coli transcriptional regulator in 2-component system (AAC76894.1); Blastp hit to AAC76894.1 (232 aa), 97% identity in aa 1 - 232","TC"
"MCL",27,"Cornflower Blue",3,"envZ","99287.STM3501","Sensor histidine kinase EnvZ; Member of the two-component regulatory system EnvZ/OmpR involved in osmoregulation (particularly of genes ompF and ompC) as well as other genes (By similarity). EnvZ functions as a membrane- associated protein kinase that phosphorylates OmpR in response to environmental signals; at low osmolarity OmpR activates ompF transcription, while at high osmolarity it represses ompF and activates ompC transcription (By similarity).","TC"
"MCL",27,"Cornflower Blue",3,"ompR","99287.STM3502","DNA-binding dual transcriptional regulator OmpR; Member of the two-component regulatory system EnvZ/OmpR involved in osmoregulation (particularly of genes ompF and ompC) as well as other genes (By similarity). Plays a central role in both acid and osmotic stress responses. Binds to the promoter of both ompC and ompF; at low osmolarity it activates ompF transcription, while at high osmolarity it represses ompF and activates ompC transcription (By similarity).","TC"
"MCL",28,"Medium Slate Blue 3",2,"glnA","99287.STM4007","Glutamine synthetase; Catalyzes the ATP-dependent biosynthesis of glutamine from glutamate and ammonia.",""
"MCL",28,"Medium Slate Blue 3",2,"glnL","99287.STM4006","Sensory histidine kinase/phosphatase NtrB; Member of the two-component regulatory system NtrB/NtrC, which controls expression of the nitrogen-regulated (ntr) genes in response to nitrogen limitation. Under conditions of nitrogen limitation, NtrB autophosphorylates and transfers the phosphoryl group to NtrC. In the presence of nitrogen, acts as a phosphatase that dephosphorylates and inactivates NtrC.","TC"
"MCL",29,"Medium Slate Blue",2,"dsbA","99287.STM3997","Thiol:disulfide interchange protein DsbA; Required for disulfide bond formation in some periplasmic proteins such as PhoA or OmpA. Acts by transferring its disulfide bond to other proteins and is reduced in the process. DsbA is reoxidized by DsbB. It is required for pilus biogenesis (By similarity). ; Belongs to the thioredoxin family. DsbA subfamily.","Redox"
"MCL",29,"Medium Slate Blue",2,"dsbB","99287.STM1807","Disulfide bond formation protein B; Required for disulfide bond formation in some periplasmic proteins such as PhoA or OmpA. Acts by oxidizing the DsbA protein (By similarity); Belongs to the DsbB family.","Redox"
"MCL",30,"Medium Slate Blue 2",2,"cypD","99287.STM0452","Peptidylprolyl isomerase; Similar to E. coli putative protease maturation protein (AAC73544.1); Blastp hit to AAC73544.1 (623 aa), 88% identity in aa 1 - 623",""
"MCL",30,"Medium Slate Blue 2",2,"secG","99287.STM3293","Protein-export membrane protein SecG; Involved in protein export. Participates in an early event of protein translocation; Belongs to the SecG family.",""
"MCL",31,"Medium Purple",2,"ackA","99287.STM2337","Acetate kinase; Catalyzes the formation of acetyl phosphate from acetate and ATP. Can also catalyze the reverse reaction. Has broad substrate specificity and can also utilize GTP, UTP and CTP. Can also phosphorylate propionate, but has very low activity with formate and is inactive with butyrate; Belongs to the acetokinase family.",""
"MCL",31,"Medium Purple",2,"pta","99287.STM2338","Phosphate acetyltransferase; Involved in acetate metabolism. Catalyzes the reversible interconversion of acetyl-CoA and acetyl phosphate. The direction of the overall reaction changes depending on growth conditions. Required for acetate recapture but not for acetate excretion when this organism is grown on ethanolamine; In the N-terminal section; belongs to the CobB/CobQ family.",""
"MCL",32,"Medium Purple 2",2,"eda","99287.STM1884","Multifunctional; similar to E. coli 2-keto-3-deoxygluconate 6-phosphate aldolase and 2-keto-4-hydroxyglutarate aldolase (AAC74920.1); Blastp hit to AAC74920.1 (213 aa), 97% identity in aa 1 - 212; oxaloacetate decarboxylase",""
"MCL",32,"Medium Purple 2",2,"sixA","99287.STM2387","Phosphohistidine phosphatase; Similar to E. coli orf, hypothetical protein (AAC75400.1); Blastp hit to AAC75400.1 (161 aa), 89% identity in aa 1 - 161",""
"MCL",33,"Medium Purple 3",2,"acnB","99287.STM0158","Aconitate hydratase B; Involved in the catabolism of short chain fatty acids (SCFA) via the tricarboxylic acid (TCA)(acetyl degradation route) and the 2- methylcitrate cycle I (propionate degradation route). Catalyzes the reversible isomerization of citrate to isocitrate via cis-aconitate. Also catalyzes the hydration of 2-methyl-cis-aconitate to yield (2R,3S)-2-methylisocitrate. The apo form of AcnB functions as a RNA- binding regulatory protein which regulates FliC synthesis via interaction with the ftsH transcript to decrease the intracellular levels of FtsH. The lower levels of FtsH protea",""
"MCL",33,"Medium Purple 3",2,"gltA","99287.STM0730","Citrate synthase. (SW:CISY_SALTY)",""
"MCL",34,"Medium Purple 4",2,"queA","99287.STM0404","S-adenosylmethionine:tRNA ribosyltransferase-isomerase; Transfers and isomerizes the ribose moiety from AdoMet to the 7-aminomethyl group of 7-deazaguanine (preQ1-tRNA) to give epoxyqueuosine (oQ-tRNA).",""
"MCL",34,"Medium Purple 4",2,"tgt","99287.STM0405","Queuine tRNA-ribosyltransferase; Catalyzes the base-exchange of a guanine (G) residue with the queuine precursor 7-aminomethyl-7-deazaguanine (PreQ1) at position 34 (anticodon wobble position) in tRNAs with GU(N) anticodons (tRNA-Asp, -Asn, -His and -Tyr). Catalysis occurs through a double-displacement mechanism. The nucleophile active site attacks the C1' of nucleotide 34 to detach the guanine base from the RNA, forming a covalent enzyme-RNA intermediate. The proton acceptor active site deprotonates the incoming PreQ1, allowing a nucleophilic attack on the C1' of the ribose to form the produc",""
"MCL",35,"Orchid 5",2,"hflC","99287.STM4364","Protein HflC; HflC and HflK could regulate a protease.",""
"MCL",35,"Orchid 5",2,"hflK","99287.STM4363","Protein HflK; HflC and HflK could encode or regulate a protease.",""
"MCL",36,"Orchid 4",2,"galE","99287.STM0776","UDP-glucose 4-epimerase; Involved in the metabolism of galactose. Catalyzes the conversion of UDP-galactose (UDP-Gal) to UDP-glucose (UDP-Glc) through a mechanism involving the transient reduction of NAD (By similarity).",""
"MCL",36,"Orchid 4",2,"rfbC","99287.STM2094","dTDP-4-dehydrorhamnose 3,5-epimerase; Catalyzes the epimerization of the C3' and C5'positions of dTDP-6-deoxy-D-xylo-4-hexulose, forming dTDP-6-deoxy-L-lyxo-4-hexulose. ; Belongs to the dTDP-4-dehydrorhamnose 3,5-epimerase family.",""
"MCL",37,"Orchid 2",2,"cpxA","99287.STM4058","Sensory kinase in two-component regulatory system with CpxR; Senses misfolded proteins in bacterial envelope; similar to E. coli probable sensor protein (histidine protein kinase), acting on arcA (AAC76893.1); Blastp hit to AAC76893.1 (457 aa), 96% identity in aa 1 - 457","TC"
"MCL",37,"Orchid 2",2,"phoP","99287.STM1231","Virulence transcriptional regulatory protein PhoP; Member of the two-component regulatory system PhoP/PhoQ which regulates the expression of genes involved in virulence, adaptation to acidic and low Mg(2+) environments and resistance to host defense antimicrobial peptides. Essential for intramacrophage survival of S.typhimurium. In low periplasmic Mg(2+), PhoQ phosphorylates PhoP, resulting in the expression of PhoP-activated genes (PAG) and repression of PhoP-repressed genes (PRG). In high periplasmic Mg(2+), PhoQ dephosphorylates phospho-PhoP, resulting in the repression of PAG and may lead","TC"
"MCL",38,"Violet",2,"mig-14","99287.STM2782","Putative transcription activator",""
"MCL",38,"Violet",2,"virK","99287.STM2781","VirK-like protein; Similar to virK in Shigella; virulence gene; similar to E. coli putative enzyme (AAC73964.1); Blastp hit to AAC73964.1 (330 aa), 39% identity in aa 47 - 329",""
"MCL",39,"Purple",2,"ynfL","99287.STM1487","Similar to E. coli putative transcriptional regulator LYSR-type (AAC74667.1); Blastp hit to AAC74667.1 (297 aa), 83% identity in aa 1 - 297; Belongs to the LysR transcriptional regulatory family.",""
"MCL",39,"Purple",2,"ynfM","99287.STM1486","Similar to E. coli putative transport protein (AAC74668.1); Blastp hit to AAC74668.1 (417 aa), 91% identity in aa 1 - 417",""
"MCL",40,"Violet 2",2,"topA","99287.STM1714","DNA topoisomerase 1; Releases the supercoiling and torsional tension of DNA, which is introduced during the DNA replication and transcription, by transiently cleaving and rejoining one strand of the DNA duplex. Introduces a single-strand break via transesterification at a target site in duplex DNA. The scissile phosphodiester is attacked by the catalytic tyrosine of the enzyme, resulting in the formation of a DNA- (5'-phosphotyrosyl)-enzyme intermediate and the expulsion of a 3'-OH DNA strand. The free DNA strand then undergoes passage around the unbroken strand, thus removing DNA supercoils.",""
"MCL",40,"Violet 2",2,"yhgI","99287.STM3511","Fe/S biogenesis protein NfuA; Involved in iron-sulfur cluster biogenesis. Binds a 4Fe-4S cluster, can transfer this cluster to apoproteins, and thereby intervenes in the maturation of Fe/S proteins. Could also act as a scaffold/chaperone for damaged Fe/S proteins.",""
"MCL",41,"Orchid",2,"recJ","99287.STM3042","Single-stranded-DNA-specific exonuclease RecJ; Single-stranded-DNA-specific exonuclease. Required for many types of recombinational events, although the stringency of the requirement for RecJ appears to vary with the type of recombinational event monitored and the other recombination gene products which are available.",""
"MCL",41,"Orchid",2,"yjeA","99287.STM4344","Elongation factor P--(R)-beta-lysine ligase; With EpmB is involved in the beta-lysylation step of the post-translational modification of translation elongation factor P (EF- P) on 'Lys-34'. Catalyzes the ATP-dependent activation of (R)-beta- lysine produced by EpmB, forming a lysyl-adenylate, from which the beta-lysyl moiety is then transferred to the epsilon-amino group of EF- P 'Lys-34' (Probable). Can also use L-alpha-lysine as a substrate, but probably with lower efficiency. Cannot aminoacylate tRNA(Lys) with lysine.",""
"MCL",42,"Orchid 3",2,"sufI","99287.STM3172","Cell division protein FtsP; Cell division protein that is required for growth during stress conditions. May be involved in protecting or stabilizing the divisomal assembly under conditions of stress.",""
"MCL",42,"Orchid 3",2,"tatB","99287.STM3974","Sec-independent protein translocase protein TatB; Part of the twin-arginine translocation (Tat) system that transports large folded proteins containing a characteristic twin- arginine motif in their signal peptide across membranes. Together with TatC, TatB is part of a receptor directly interacting with Tat signal peptides. TatB may form an oligomeric binding site that transiently accommodates folded Tat precursor proteins before their translocation.",""
"MCL",43,"Hot Pink",2,"relA","99287.STM2956","(P)ppGpp synthetase I; In eubacteria ppGpp (guanosine 3'-diphosphate 5-' diphosphate) is a mediator of the stringent response that coordinates a variety of cellular activities in response to changes in nutritional abundance.",""
"MCL",43,"Hot Pink",2,"spoT","99287.STM3742","(P)ppGpp synthetase II; In eubacteria ppGpp (guanosine 3'-diphosphate 5-' diphosphate) is a mediator of the stringent response that coordinates a variety of cellular activities in response to changes in nutritional abundance.",""
"MCL",44,"Pink",2,"pepP","99287.STM3058","Similar to E. coli proline aminopeptidase P II (AAC75946.1); Blastp hit to AAC75946.1 (441 aa), 91% identity in aa 4 - 441",""
"MCL",44,"Pink",2,"visC","99287.STM3056","Putative monooxygenase; Similar to E. coli orf, hypothetical protein (AAC75944.1); Blastp hit to AAC75944.1 (400 aa), 87% identity in aa 1 - 400",""
"MCL",45,"Hot Pink 2",2,"dam","99287.STM3484","DNA adenine methylase; Methylates DNA within the sequence GATC and protects the DNA from cleavage by the restriction endonuclease MboI. Although it shares sequence specificity with a number of type II restriction endonucleases and methylases, it is thought to act in postreplication mismatch repair rather than as a part of a restriction modification system. May also play a role in DNA replication; Belongs to the N(4)/N(6)-methyltransferase family.",""
"MCL",45,"Hot Pink 2",2,"trpS","99287.STM3481","Tryptophan--tRNA ligase; Catalyzes the attachment of tryptophan to tRNA(Trp). ; Belongs to the class-I aminoacyl-tRNA synthetase family.",""
"MCL",46,"Pale Violet Red",2,"rhlB","99287.STM3914","ATP-dependent RNA helicase RhlB; DEAD-box RNA helicase involved in RNA degradation. Has RNA- dependent ATPase activity and unwinds double-stranded RNA. ; Belongs to the DEAD box helicase family. RhlB subfamily.",""
"MCL",46,"Pale Violet Red",2,"trxA","99287.STM3915","Thioredoxin 1; Participates in various redox reactions through the reversible oxidation of its active center dithiol to a disulfide and catalyzes dithiol-disulfide exchange reactions; Belongs to the thioredoxin family.","Redox"
"MCL",47,"Light Coral 2",1,"purA","99287.STM4366","Adenylosuccinate synthetase; Plays an important role in the de novo pathway of purine nucleotide biosynthesis. Catalyzes the first committed step in the biosynthesis of AMP from IMP; Belongs to the adenylosuccinate synthetase family.",""
"MCL",48,"Light Coral",1,"recA","99287.STM2829","Protein RecA; Can catalyze the hydrolysis of ATP in the presence of single- stranded DNA, the ATP-dependent uptake of single-stranded DNA by duplex DNA, and the ATP-dependent hybridization of homologous single-stranded DNAs. It interacts with LexA causing its activation and leading to its autocatalytic cleavage.",""
