"CpxR","RpoE","RpoS","RcsB","Fur","ArcA","FNR","Lrp","OxyR","OmpR","PmrAB","SlyA","CRP","PhoP","CS54","Oaf","SLP105","SLP203","SLP272","SLP281","SLP285","SLP289","SLP443","SPI-1","SPI-2","SPI-3","SPI-4","SPI-6","SPI-9","SPI-12","SPI-13","SPI-16"
"SL1344_4009","SL1344_2604","SL1344_4310","SL1344_1637","SL1344_p1_0062","SL1344_p1_0086","SL1344_0069","SL1344_3861","SL1344_0806","SL1344_1714","SL1344_4068","SL1344_1376","SL1344_3363","SL1344_0616","SL1344_2474","SL1344_2207","SL1344_0943","SL1344_1928","SL1344_2547","SL1344_2632","SL1344_2666","SL1344_2713","SL1344_4130","SL1344_1784","SL1344_1628","SL1344_3718","SL1344_4194","SL1344_0261","SL1344_2662","SL1344_2218","SL1344_3092","SL1344_0547"
"SL1344_0210","ncRNA0047","SL1344_3645","ymgg","SL1344_0216","SL1344_p1_0033","SL1344_0615","SL1344_3861","SL1344_4056","sl1469","SL1344_2266","SL1344_0417","SL1344_1680","SL1344_0879","SL1344_2475","SL1344_2208","SL1344_0944","SL1344_1929","SL1344_2548","SL1344_2633","SL1344_2667","SL1344_2714","SL1344_4131","SL1344_2043","SL1344_2217","SL1344_3720","SL1344_4195","SL1344_0262","SL1344_2663","SL1344_2219","SL1344_3093","SL1344_0548"
"SL1344_3945","ncRNA0062","appy","ymgd","SL1344_0217","SL1344_0001","SL1344_0778","SL1344_0001","SL1344_0848","SL1344_1923","SL1344_2267","SL1344_0418","SL1344_4525","SL1344_1033","SL1344_2477","SL1344_2209","SL1344_0945","SL1344_1930","SL1344_2549","SL1344_2634","SL1344_2668","SL1344_2715","SL1344_4132","SL1344_2674","SL1344_1325","SL1344_3722","SL1344_4196","SL1344_0263","SL1344_2664","SL1344_2220","SL1344_3094","SL1344_0549"
"SL1344_1152","SL1344_1087","appa","SL1344_4489","SL1344_0401","SL1344_0002","SL1344_0779","SL1344_0002","SL1344_0597","SL1344_2237","SL1344_2268","SL1344_2237","SL1344_3332","SL1344_1169","SL1344_2478","SL1344_2210","SL1344_0946","SL1344_1931","SL1344_2550","SL1344_2635","SL1344_2669","SL1344_2716","SL1344_4133","SL1344_2845","SL1344_1326","SL1344_3723","SL1344_4197","SL1344_0264","","SL1344_2221","SL1344_3095",""
"SL1344_1814","SL1344_4172","SL1344_0440","SL1344_0459","SL1344_0409","SL1344_0069","SL1344_0780","SL1344_0003","SL1344_2613","SL1344_2846","SL1344_2269","SL1344_1888","SL1344_4024","SL1344_1183","SL1344_2479","SL1344_2211","SL1344_0947","SL1344_1932","SL1344_2551","SL1344_2636","SL1344_2670","SL1344_2717","SL1344_4134","SL1344_2847","SL1344_1333","SL1344_3724","SL1344_4198","SL1344_0265","","","SL1344_3096",""
"SL1344_1865","SL1344_0210","cbda","ivy","SL1344_0433","ffs","SL1344_0781","SL1344_0004","SL1344_0596","SL1344_3469","pqa","SL1344_2762","SL1344_4025","SL1344_1184","SL1344_2480","SL1344_2212","SL1344_0948","SL1344_1933","SL1344_2552","SL1344_2637","SL1344_2671","SL1344_2718","SL1344_4135","SL1344_2849","SL1344_1337","SL1344_3725","SL1344_4199","SL1344_0266","","","SL1344_3097",""
"SL1344_1025","SL1344_3082","cbdb","SL1344_1149","SL1344_0434","SL1344_0638","SL1344_0782","SL1344_0131","SL1344_0675","SL1344_0588","SL1344_2271","SL1344_1184","SL1344_4027","SL1344_1325","","SL1344_2213","SL1344_0949","SL1344_1934","SL1344_2552A","SL1344_2638","SL1344_2672","SL1344_2719","SL1344_4136","SL1344_2850","SL1344_1338","SL1344_3726","","SL1344_0267","","","",""
"SL1344_3199","yfjo","SL1344_1051","SL1344_2301","SL1344_0436","SL1344_0681","SL1344_0876","SL1344_0132","SL1344_3562","SL1344_0652","SL1344_2272","SL1344_1531","euti","SL1344_1377","","SL1344_2214","SL1344_0950","SL1344_1935","SL1344_2553","SL1344_2639","SL1344_2673","SL1344_2720","SL1344_4137","SL1344_2855","SL1344_1341","SL1344_3727","","SL1344_0268","","","",""
"SL1344_4285","SL1344_2657","SL1344_1359","yrai","SL1344_0437","SL1344_0682","SL1344_0875","SL1344_0133","SL1344_0595","SL1344_0654","SL1344_4230","","ccha","SL1344_0808","","SL1344_2215","SL1344_0951","SL1344_1936","SL1344_2554","SL1344_2640","SL1344_2674","SL1344_2721","SL1344_4138","SL1344_2856","SL1344_1342","SL1344_3727A","","SL1344_0270","","","",""
"SL1344_1243","SL1344_3533","csia","yraj","SL1344_0573","SL1344_0683","SL1344_0902","SL1344_0312","flu","SL1344_0669","SL1344_2265","","ypje","SL1344_1405","","SL1344_2216","SL1344_0952","SL1344_1937","SL1344_2555","SL1344_2641","SL1344_2675","SL1344_2722","SL1344_4139","SL1344_2857","SL1344_1347","SL1344_3728","","SL1344_0271","","","",""
"SL1344_3439","SL1344_2603","csib","yrak","SL1344_0574","aSTM0907","SL1344_0903","ykge","SL1344_4481","SL1344_0714","pmrr","","SL1344_2652","pcgl","","","SL1344_0953","SL1344_1938","SL1344_2556","SL1344_2642","SL1344_2676","SL1344_2723","SL1344_4140","SL1344_2858","SL1344_1334","SL1344_3729","","SL1344_0272","","","",""
"SL1344_4008","SL1344_0443","csic","SL1344_0700","SL1344_0583","SL1344_0888","SL1344_0904","ykgf","SL1344_0482","SL1344_0715","SL1344_2057","","ygbd","SL1344_1531","","","SL1344_0954","SL1344_1939","SL1344_2557","SL1344_2643","SL1344_2677","","SL1344_4141","SL1344_2860","SL1344_1350","","","SL1344_0273","","","",""
"SL1344_0936","SL1344_2410","SL1344_2773","SL1344_1266","SL1344_0720","SL1344_1067","SL1344_0911","ykgg","SL1344_1303","SL1344_0716","SL1344_0577","","SL1344_3123","SL1344_1799","","","SL1344_0955","SL1344_1940","SL1344_2558","SL1344_2644","SL1344_2678","","SL1344_4142","SL1344_2861","SL1344_1351","","","SL1344_0274","","","",""
"SL1344_2604","SL1344_3176","SL1344_2515","SL1344_2057","SL1344_0749","SL1344_1068","SL1344_0910","SL1344_0394","SL1344_1304","sl1069","cld","","SL1344_3122","SL1344_2273","","","SL1344_0956","SL1344_1941","SL1344_2559","SL1344_2645","SL1344_2679","","SL1344_4143","SL1344_2862","SL1344_1352","","","SL1344_0275","","","",""
"efeu","SL1344_3578","csif","cld","SL1344_0917","SL1344_1069","SL1344_1693","SL1344_0395","SL1344_1305","SL1344_1693","SL1344_1204","","SL1344_3121","SL1344_2363","","","SL1344_0957","SL1344_1942","SL1344_2560","","SL1344_2680","","SL1344_4144","SL1344_2863","SL1344_1356","","","SL1344_0276","","","",""
"SL1344_3454","yaet","SL1344_1082","SL1344_2362","SL1344_0951","SL1344_1070","SL1344_1692","SL1344_1358","SL1344_1306","SL1344_1731","SL1344_4495","","SL1344_3120","SL1344_2764","","","SL1344_0958","SL1344_1943","SL1344_2561","","SL1344_2681","","SL1344_4145","SL1344_2864","SL1344_1561","","","SL1344_0277","","","",""
"SL1344_0372","SL1344_3240","SL1344_1079","SL1344_4176","SL1344_1071","SL1344_1071","SL1344_1691","SL1344_0412","SL1344_1307","SL1344_2167","SL1344_3795","","SL1344_3119","SL1344_2765","","","SL1344_0959","SL1344_1944","SL1344_2562","","SL1344_2682","","SL1344_4146","SL1344_2865","SL1344_0909","","","SL1344_0278","","","",""
"SL1344_1094","SL1344_2356","SL1344_1078","SL1344_1683","SL1344_1280","SL1344_1075","SL1344_1690","SL1344_0736","SL1344_1308","SL1344_2228","SL1344_0841","","SL1344_3118","SL1344_3729","","","SL1344_0960","SL1344_1945","SL1344_2563","","SL1344_2683","","SL1344_4147","SL1344_2866","SL1344_1332","","","SL1344_0279","","","",""
"SL1344_1095","yeci","SL1344_1077","SL1344_2095","SL1344_1385","SL1344_1076","SL1344_1689","SL1344_0787","SL1344_0005","SL1344_2230","SL1344_4228","","yigu","SL1344_4387","","","SL1344_0961","SL1344_1946","SL1344_2564","","SL1344_2684","","SL1344_4148","SL1344_2867","SL1344_1343","","","SL1344_0280","","","",""
"SL1344_1262","SL1344_3420","SL1344_1081","SL1344_2094","SL1344_1517","SL1344_1108","SL1344_1500","SL1344_0788","SL1344_0384","SL1344_2231","SL1344_4229","","yigw","ncRNA0046","","","SL1344_0962","SL1344_1947","SL1344_2565","","SL1344_2685","","SL1344_4149","SL1344_2868","SL1344_1331","","","SL1344_0281","","","",""
"yfjn","SL1344_2482","SL1344_1080","SL1344_2093","SL1344_1577","SL1344_1109","SL1344_1499","SL1344_0789","SL1344_0847","SL1344_2358","SL1344_2273","","cchb","","","","SL1344_0963","SL1344_1948","SL1344_2566","","SL1344_2686","","SL1344_4150","SL1344_2869","SL1344_1346","","","SL1344_0282","","","",""
"SL1344_4068","SL1344_3178","SL1344_0806","SL1344_2092","SL1344_1582","SL1344_1120","SL1344_1498","SL1344_0799","ylja","SL1344_2488","SL1344_1561","","SL1344_2426","","","","SL1344_0964","SL1344_1949","SL1344_2567","","SL1344_2687","","SL1344_4151","SL1344_2870","SL1344_2763","","","SL1344_0283","","","",""
"SL1344_1533","ddg","f253a","SL1344_2091","SL1344_1668","SL1344_1121","flizy","SL1344_0854","ncRNA0053","SL1344_2769","SL1344_1189","","SL1344_2425","","","","SL1344_0965","SL1344_1950","SL1344_2568","","SL1344_2688","","SL1344_4152","SL1344_2871","SL1344_1327","","","SL1344_0284","","","",""
"SL1344_1430","yiis","fica","yaax","SL1344_1682","SL1344_1235","SL1344_2253","SL1344_0855","taub","SL1344_2997","SL1344_3922","","SL1344_2424","","","","SL1344_0965A","SL1344_1951","SL1344_2569","","SL1344_2689","","SL1344_4153","SL1344_2872","SL1344_1161","","","SL1344_0285","","","",""
"SL1344_2780","SL1344_1710","frd","SL1344_2090","SL1344_1723","SL1344_1236","SL1344_2254","SL1344_0856","SL1344_1809","SL1344_3190","SL1344_3673","","SL1344_1247","","","","SL1344_0966","SL1344_1952","SL1344_2570","","SL1344_2690","","SL1344_4154","SL1344_2873","SL1344_1559","","","SL1344_0286","","","",""
"SL1344_4339","SL1344_3716","SL1344_0131","SL1344_2089","SL1344_2163","SL1344_1259","SL1344_2255","SL1344_0857","SL1344_0717","SL1344_3198","SL1344_3297","","SL1344_1248","","","","SL1344_0967","SL1344_1953","SL1344_2571","","SL1344_2691","","SL1344_4155","SL1344_2874","SL1344_P1_0068","","","SL1344_0286A","","","",""
"SL1344_3579","SL1344_0808","SL1344_0133","SL1344_2088","SL1344_2176","SL1344_1851","SL1344_2610","SL1344_0864","SL1344_3127","SL1344_3935","","","SL1344_1249","","","","SL1344_0968","SL1344_1954","SL1344_2572","","SL1344_2692","","SL1344_4156","SL1344_2875","SL1344_2546","","","SL1344_0286B","","","",""
"SL1344_2360","SL1344_3271","SL1344_0753","SL1344_2087","SL1344_2420","SL1344_1852","SL1344_2835","SL1344_0865","SL1344_1398","SL1344_3936","","","SL1344_1250","","","","SL1344_0969","SL1344_1955","SL1344_2573","","SL1344_2693","","","SL1344_2876","SL1344_1532","","","SL1344_0288","","","",""
"SL1344_2167","SL1344_2401","SL1344_0751","SL1344_2086","SL1344_2421","SL1344_1853","SL1344_2836","SL1344_0866","SL1344_3331","SL1344_4023","","","SL1344_1251","","","","SL1344_0971","SL1344_1956","SL1344_2574","","SL1344_2694","","","SL1344_2877","SL1344_1330","","","SL1344_0289","","","",""
"SL1344_0371","SL1344_3019","SL1344_0752","SL1344_2085","SL1344_2445","SL1344_1854","SL1344_2837","SL1344_0867","SL1344_0153","SL1344_4025","","","ydjc","","","","SL1344_0972","SL1344_1957","SL1344_2575","","SL1344_2695","","","SL1344_2878","SL1344_1335","","","SL1344_0291","","","",""
"SL1344_1384","SL1344_2451","SL1344_3502","nudd","SL1344_2758","SL1344_1855","SL1344_2838","SL1344_0871","SL1344_0166","SL1344_4213","","","SL1344_1079","","","","SL1344_0973","SL1344_1958","SL1344_2576","","SL1344_2696","","","SL1344_2879","SL1344_1336","","","SL1344_0292","","","",""
"SL1344_0839","SL1344_1842","SL1344_3170","SL1344_2083","SL1344_2762","SL1344_1857","SL1344_3081","SL1344_0906","SL1344_0154","","","","SL1344_1078","","","","SL1344_0974","SL1344_1959","SL1344_2577","","SL1344_2697","","","SL1344_4440","SL1344_1339","","","SL1344_0293","","","",""
"SL1344_4509","osta","SL1344_3493","SL1344_2082","SL1344_2841","SL1344_1858","SL1344_3441","SL1344_0935","SL1344_0152","","","","SL1344_1077","","","","SL1344_0975","SL1344_1960","SL1344_2578","","SL1344_2698","","","SL1344_2841","SL1344_1340","","","SL1344_0294","","","",""
"SL1344_0932","SL1344_0226","SL1344_3562","SL1344_2081","SL1344_3077","SL1344_1861","SL1344_3443","SL1344_p2_0029","yadf","","","","SL1344_1076","","","","SL1344_0976","SL1344_1961","SL1344_2579","","SL1344_2699","","","SL1344_2842","SL1344_1354","","","SL1344_0295","","","",""
"yqau","ecfa","hdea","SL1344_2080","SL1344_3187","SL1344_1879","SL1344_3442","ycgh","SL1344_3150","","","","SL1344_0437","","","","SL1344_0977","SL1344_1962","SL1344_2580","","SL1344_2700","","","SL1344_2843","SL1344_1355","","","SL1344_0296","","","",""
"SL1344_1859","ecfd","SL1344_1492","SL1344_2079","SL1344_3387","SL1344_1884","SL1344_3472","SL1344_1731","SL1344_1151","","","","SL1344_0436","","","","SL1344_0978","SL1344_1963","SL1344_2581","","SL1344_2701","","","SL1344_2844","SL1344_0991","","","SL1344_0297","","","",""
"SL1344_3200","ecfe","SL1344_1273","SL1344_3053","SL1344_3410","SL1344_1885","SL1344_3473","SL1344_1730","SL1344_0712","","","","SL1344_0435","","","","SL1344_0979","SL1344_1964","SL1344_2582","","SL1344_2702","","","SL1344_2846","SL1344_1348","","","SL1344_0298","","","",""
"ydeh","ecff","SL1344_2518","SL1344_2117","SL1344_3411","SL1344_1890","SL1344_3786","dham","SL1344_0799","","","","SL1344_0434","","","","SL1344_0980","SL1344_1965","SL1344_2583","","SL1344_2703","","","SL1344_2851","SL1344_1329","","","SL1344_0299","","","",""
"rfm","ecfg","htre","SL1344_1243","SL1344_3473","SL1344_1977","SL1344_4237","dhal","SL1344_0654","","","","SL1344_0433","","","","SL1344_0981","SL1344_1966","SL1344_2584","","SL1344_2704","","","SL1344_2852","SL1344_1328","","","SL1344_0300","","","",""
"SL1344_2624","ecfh","SL1344_1714","SL1344_0373","SL1344_3565","SL1344_2012","SL1344_4238","dhak","SL1344_0151","","","","SL1344_0065","","","","SL1344_0982","SL1344_1967","SL1344_2585","","SL1344_2705","","","SL1344_2853","","","","SL1344_0301","","","",""
"","ecfi","SL1344_1715","","SL1344_3655","SL1344_2013","SL1344_4263","SL1344_1677","SL1344_1637","","","","ecpd","","","","SL1344_0983","SL1344_1968","SL1344_2586","","SL1344_2706","","","SL1344_2854","","","","SL1344_0302","","","",""
"","ecfj","SL1344_1716","","SL1344_3707","pudb","SL1344_4262","SL1344_1676","SL1344_0749","","","","htre","","","","SL1344_0984","SL1344_1969","SL1344_2587","","SL1344_2707","","","SL1344_2859","","","","SL1344_0303","","","",""
"","regk","SL1344_1717","","SL1344_3922","SL1344_2016","SL1344_4280","SL1344_1675","SL1344_3889","","","","SL1344_3108","","","","SL1344_0985","SL1344_1970","SL1344_2588","","SL1344_2708","","","SL1344_2848","","","","","","","",""
"","ecfl","SL1344_1718","","SL1344_4004","SL1344_2017","SL1344_4279","SL1344_1674","SL1344_1808","","","","SL1344_3936","","","","SL1344_0986","SL1344_1971","SL1344_2589","","SL1344_2709","","","","","","","","","","",""
"","htrm","SL1344_1719","","SL1344_4204","SL1344_2018","SL1344_4278","SL1344_1673","fodg","","","","SL1344_3935","","","","SL1344_0987","SL1344_1972","SL1344_2590","","SL1344_2710","","","","","","","","","","",""
"","SL1344_0227","SL1344_1253","","SL1344_4262","SL1344_2019","SL1344_4277","SL1344_1647","SL1344_2147","","","","SL1344_1747","","","","SL1344_0988","SL1344_1973","SL1344_2591","","","","","","","","","","","","",""
"","SL1344_0228","SL1344_4056","","SL1344_4263","SL1344_2020","SL1344_4382","deot","SL1344_3131","","","","SL1344_2954","","","","SL1344_0989","SL1344_1974","SL1344_2592","","","","","","","","","","","","",""
"","","lacz","","SL1344_4332","pduj","SL1344_4382","SL1344_1613","SL1344_1660","","","","SL1344_2953","","","","SL1344_0990","SL1344_1975","SL1344_2593","","","","","","","","","","","","",""
"","","SL1344_0235","","SL1344_4481","SL1344_2022","SL1344_0822","SL1344_1592","ybim","","","","SL1344_2955","","","","SL1344_0991","SL1344_1976","SL1344_2594","","","","","","","","","","","","",""
"","","mcc","","","SL1344_2023","SL1344_0821","yden","SL1344_1094","","","","SL1344_2956","","","","SL1344_0992","","SL1344_2595","","","","","","","","","","","","",""
"","","SL1344_1637","","","SL1344_2024","SL1344_0722","SL1344_1407","","","","","SL1344_1398","","","","SL1344_0993","","SL1344_2596","","","","","","","","","","","","",""
"","","SL1344_1246","","","SL1344_2025","SL1344_0723","folm","","","","","SL1344_3226","","","","SL1344_0994","","SL1344_2597","","","","","","","","","","","","",""
"","","SL1344_4489","","","SL1344_2026","SL1344_1148","SL1344_1384","","","","","SL1344_3230","","","","SL1344_0995","","SL1344_2597A","","","","","","","","","","","","",""
"","","SL1344_1862","","","SL1344_2027","SL1344_1644","SL1344_1242","","","","","gef","","","","SL1344_0996","","SL1344_2598","","","","","","","","","","","","",""
"","","SL1344_1863","","","SL1344_2028","SL1344_2246","SL1344_1241","","","","","glcc","","","","","","SL1344_2599","","","","","","","","","","","","",""
"","","SL1344_0874","","","SL1344_2029","SL1344_2247","SL1344_1240","","","","","gntp","","","","","","SL1344_2600","","","","","","","","","","","","",""
"","","pqi5","","","SL1344_2030","SL1344_2518","SL1344_1239","","","","","SL1344_2654","","","","","","","","","","","","","","","","","","",""
"","","SL1344_4227","","","SL1344_2031","SL1344_4004","astc","","","","","hrsa","","","","","","","","","","","","","","","","","","",""
"","","SL1344_4513","","","SL1344_2032","SL1344_2229","SL1344_1205","","","","","ybgg","","","","","","","","","","","","","","","","","","",""
"","","SL1344_1646","","","SL1344_2033","SL1344_2226","SL1344_1755","","","","","SL1344_4112","","","","","","","","","","","","","","","","","","",""
"","","SL1344_1724","","","SL1344_2160","SL1344_2225","SL1344_1870","","","","","SL1344_4113","","","","","","","","","","","","","","","","","","",""
"","","SL1344_1058","","","SL1344_2163","SL1344_2230","SL1344_1916","","","","","inaa","","","","","","","","","","","","","","","","","","",""
"","","SL1344_1237","","","SL1344_2164","SL1344_2231","yeed","","","","","SL1344_3675","","","","","","","","","","","","","","","","","","",""
"","","SL1344_1659","","","SL1344_2283","SL1344_2228","yeee","","","","","SL1344_3674","","","","","","","","","","","","","","","","","","",""
"","","SL1344_2149","","","SL1344_2284","SL1344_2227","yehl","","","","","SL1344_0162","","","","","","","","","","","","","","","","","","",""
"","","SL1344_p1_0067","","","SL1344_2377","SL1344_4213","yehm","","","","","SL1344_0114","","","","","","","","","","","","","","","","","","",""
"","","SL1344_p1_0068","","","SL1344_2417","SL1344_4214","yehp","","","","","SL1344_0113","","","","","","","","","","","","","","","","","","",""
"","","SL1344_p1_0069","","","SL1344_2418","SL1344_4215","yehq","","","","","SL1344_0112","","","","","","","","","","","","","","","","","","",""
"","","SL1344_p1_0070","","","SL1344_2419","SL1344_4216","SL1344_2232","","","","","SL1344_0111","","","","","","","","","","","","","","","","","","",""
"","","SL1344_p1_0066","","","SL1344_2420","SL1344_4217","mqo","","","","","SL1344_0110","","","","","","","","","","","","","","","","","","",""
"","","SL1344_0178","","","SL1344_2421","nrff","SL1344_2308","","","","","SL1344_1450","","","","","","","","","","","","","","","","","","",""
"","","SL1344_0176","","","SL1344_2422","SL1344_4218","SL1344_2359","","","","","SL1344_1449","","","","","","","","","","","","","","","","","","",""
"","","SL1344_0536","","","SL1344_2423","SL1344_p2_0048","yffq","","","","","SL1344_1448","","","","","","","","","","","","","","","","","","",""
"","","SL1344_0803","","","SL1344_2425","SL1344_p2_0049","yffr","","","","","SL1344_4387","","","","","","","","","","","","","","","","","","",""
"","","SL1344_2166","","","SL1344_2426","nikc","SL1344_2460","","","","","mhpr","","","","","","","","","","","","","","","","","","",""
"","","SL1344_2983","","","SL1344_2427","nikd","SL1344_2461","","","","","SL1344_0758","","","","","","","","","","","","","","","","","","",""
"","","SL1344_2888","","","SL1344_2428","nike","SL1344_2462","","","","","SL1344_0759","","","","","","","","","","","","","","","","","","",""
"","","SL1344_0716","","","SL1344_2429","","SL1344_2463","","","","","SL1344_0760","","","","","","","","","","","","","","","","","","",""
"","","xylf","","","SL1344_2430","","SL1344_2465","","","","","SL1344_0733","","","","","","","","","","","","","","","","","","",""
"","","SL1344_0177","","","SL1344_2431","","SL1344_2515","","","","","SL1344_0734","","","","","","","","","","","","","","","","","","",""
"","","sdsr","","","SL1344_2432","","SL1344_2950","","","","","SL1344_2488","","","","","","","","","","","","","","","","","","",""
"","","SL1344_p1_0067","","","SL1344_2433","","SL1344_2951","","","","","SL1344_2246","","","","","","","","","","","","","","","","","","",""
"","","SL1344_p1_0068","","","SL1344_2520","","SL1344_3065","","","","","SL1344_2247","","","","","","","","","","","","","","","","","","",""
"","","SL1344_p1_0069","","","SL1344_2610","","ygjg","","","","","SL1344_2248","","","","","","","","","","","","","","","","","","",""
"","","SL1344_1661","","","SL1344_2723","","SL1344_3198","","","","","SL1344_0907","","","","","","","","","","","","","","","","","","",""
"","","SL1344_1660","","","SL1344_3025","","SL1344_3212","","","","","SL1344_3168","","","","","","","","","","","","","","","","","","",""
"","","SL1344_1443","","","SL1344_3088","","tdcf","","","","","rpir","","","","","","","","","","","","","","","","","","",""
"","","SL1344_1662","","","SL1344_3112","","SL1344_3213","","","","","yjcx","","","","","","","","","","","","","","","","","","",""
"","","SL1344_0355","","","SL1344_3170","","SL1344_3214","","","","","yjcw","","","","","","","","","","","","","","","","","","",""
"","","SL1344_1445","","","SL1344_3189","","SL1344_3215","","","","","yjcv","","","","","","","","","","","","","","","","","","",""
"","","SL1344_2779","","","SL1344_3190","","SL1344_3216","","","","","yjcu","","","","","","","","","","","","","","","","","","",""
"","","SL1344_1253","","","yhal","","SL1344_3217","","","","","yjct","","","","","","","","","","","","","","","","","","",""
"","","SL1344_2118","","","SL1344_3210","","SL1344_3252","","","","","yjcs","","","","","","","","","","","","","","","","","","",""
"","","SL1344_0354","","","SL1344_3211","","SL1344_3333","","","","","SL1344_2037","","","","","","","","","","","","","","","","","","",""
"","","SL1344_2963","","","SL1344_3310","","SL1344_3510","","","","","SL1344_2950","","","","","","","","","","","","","","","","","","",""
"","","SL1344_4450","","","SL1344_3503","","SL1344_3526","","","","","SL1344_2951","","","","","","","","","","","","","","","","","","",""
"","","SL1344_0736","","","SL1344_3542","","SL1344_3527","","","","","SL1344_2952","","","","","","","","","","","","","","","","","","",""
"","","SL1344_0356","","","SL1344_3552","","SL1344_3528","","","","","SL1344_0679","","","","","","","","","","","","","","","","","","",""
"","","SL1344_1488","","","SL1344_3564","","SL1344_3529","","","","","SL1344_0680","","","","","","","","","","","","","","","","","","",""
"","","SL1344_2086","","","SL1344_3565","","SL1344_3530","","","","","SL1344_4004","","","","","","","","","","","","","","","","","","",""
"","","SL1344_1243","","","SL1344_3566","","SL1344_3532","","","","","SL1344_3062","","","","","","","","","","","","","","","","","","",""
"","","SL1344_0459","","","SL1344_3569","","SL1344_3557","","","","","SL1344_3054","","","","","","","","","","","","","","","","","","",""
"","","SL1344_0170","","","SL1344_3576","","SL1344_3674","","","","","SL1344_0683","","","","","","","","","","","","","","","","","","",""
"","","SL1344_1184","","","SL1344_3655","","SL1344_3675","","","","","SL1344_0682","","","","","","","","","","","","","","","","","","",""
"","","wrab","","","SL1344_3726","","SL1344_3766","","","","","SL1344_2812","","","","","","","","","","","","","","","","","","",""
"","","SL1344_1090","","","SL1344_3750","","SL1344_3862","","","","","SL1344_2813","","","","","","","","","","","","","","","","","","",""
"","","SL1344_1057","","","SL1344_3771","","SL1344_3863","","","","","SL1344_2814","","","","","","","","","","","","","","","","","","",""
"","","SL1344_2117","","","SL1344_3922","","SL1344_3864","","","","","SL1344_2815","","","","","","","","","","","","","","","","","","",""
"","","SL1344_1519","","","SL1344_3993","","SL1344_3865","","","","","SL1344_2816","","","","","","","","","","","","","","","","","","",""
"","","SL1344_4416","","","SL1344_3994","","SL1344_4176","","","","","SL1344_2817","","","","","","","","","","","","","","","","","","",""
"","","SL1344_2142","","","SL1344_4020","","SL1344_4186","","","","","SL1344_2818","","","","","","","","","","","","","","","","","","",""
"","","SL1344_0361","","","SL1344_4021","","lysu","","","","","SL1344_1267","","","","","","","","","","","","","","","","","","",""
"","","SL1344_1220","","","SL1344_4022","","SL1344_4282","","","","","SL1344_1268","","","","","","","","","","","","","","","","","","",""
"","","SL1344_1495","","","SL1344_4023","","SL1344_4331","","","","","SL1344_1269","","","","","","","","","","","","","","","","","","",""
"","","","","","SL1344_4024","","SL1344_4339","","","","","SL1344_1270","","","","","","","","","","","","","","","","","","",""
"","","","","","SL1344_4025","","yjic","","","","","SL1344_4030","","","","","","","","","","","","","","","","","","",""
"","","","","","SL1344_4026","","SL1344_4489","","","","","SL1344_3926","","","","","","","","","","","","","","","","","","",""
"","","","","","SL1344_4027","","SL1344_0110","","","","","SL1344_2408","","","","","","","","","","","","","","","","","","",""
"","","","","","SL1344_4028","","SL1344_0111","","","","","uidr","","","","","","","","","","","","","","","","","","",""
"","","","","","SL1344_4029","","SL1344_0112","","","","","SL1344_3556","","","","","","","","","","","","","","","","","","",""
"","","","","","SL1344_4043","","SL1344_0113","","","","","uxab","","","","","","","","","","","","","","","","","","",""
"","","","","","SL1344_4058","","SL1344_0114","","","","","SL1344_2056","","","","","","","","","","","","","","","","","","",""
"","","","","","SL1344_4061","","SL1344_0116","","","","","yaaf","","","","","","","","","","","","","","","","","","",""
"","","","","","SL1344_4213","","SL1344_0117","","","","","yabq","","","","","","","","","","","","","","","","","","",""
"","","","","","SL1344_4214","","htre","","","","","SL1344_0161","","","","","","","","","","","","","","","","","","",""
"","","","","","SL1344_4310","","ecpd","","","","","yadn","","","","","","","","","","","","","","","","","","",""
"","","","","","SL1344_4311","","ykgk","","","","","SL1344_0212","","","","","","","","","","","","","","","","","","",""
"","","","","","SL1344_4317","","ompt","","","","","yahm","","","","","","","","","","","","","","","","","","",""
"","","","","","SL1344_4318","","SL1344_0737","","","","","SL1344_0361","","","","","","","","","","","","","","","","","","",""
"","","","","","SL1344_4354","","SL1344_0914","","","","","SL1344_0378","","","","","","","","","","","","","","","","","","",""
"","","","","","SL1344_4390","","SL1344_0915","","","","","phoa","","","","","","","","","","","","","","","","","","",""
"","","","","","yjgg","","SL1344_1154","","","","","SL1344_0406","","","","","","","","","","","","","","","","","","",""
"","","","","","SL1344_4393","","SL1344_1155","","","","","SL1344_0506","","","","","","","","","","","","","","","","","","",""
"","","","","","SL1344_4394","","SL1344_1156","","","","","SL1344_0641","","","","","","","","","","","","","","","","","","",""
"","","","","","SL1344_4395","","SL1344_1157","","","","","ybfp","","","","","","","","","","","","","","","","","","",""
"","","","","","SL1344_4396","","SL1344_1680","","","","","ybhd","","","","","","","","","","","","","","","","","","",""
"","","","","","SL1344_4397","","SL1344_2191","","","","","ybhj","","","","","","","","","","","","","","","","","","",""
"","","","","","SL1344_4399","","SL1344_2225","","","","","SL1344_0777","","","","","","","","","","","","","","","","","","",""
"","","","","","SL1344_4441","","SL1344_2226","","","","","SL1344_0795","","","","","","","","","","","","","","","","","","",""
"","","","","","SL1344_4442","","SL1344_2227","","","","","SL1344_0793","","","","","","","","","","","","","","","","","","",""
"","","","","","SL1344_4443","","SL1344_2228","","","","","SL1344_0792","","","","","","","","","","","","","","","","","","",""
"","","","","","SL1344_4444","","SL1344_2229","","","","","SL1344_0791","","","","","","","","","","","","","","","","","","",""
"","","","","","SL1344_4457","","SL1344_2230","","","","","SL1344_0809","","","","","","","","","","","","","","","","","","",""
"","","","","","SL1344_4494","","SL1344_2231","","","","","SL1344_1075","","","","","","","","","","","","","","","","","","",""
"","","","","","SL1344_4495","","SL1344_2299","","","","","SL1344_1710","","","","","","","","","","","","","","","","","","",""
"","","","","","SL1344_4526","","SL1344_2300","","","","","ydch","","","","","","","","","","","","","","","","","","",""
"","","","","","pslt042","","SL1344_2357","","","","","SL1344_1447","","","","","","","","","","","","","","","","","","",""
"","","","","","pslt047","","SL1344_2358","","","","","ydef","","","","","","","","","","","","","","","","","","",""
"","","","","","SL1344_p1_0059","","SL1344_2783","","","","","SL1344_1445","","","","","","","","","","","","","","","","","","",""
"","","","","","pslt049","","SL1344_2997","","","","","SL1344_1226","","","","","","","","","","","","","","","","","","",""
"","","","","","pslt050","","SL1344_3029","","","","","SL1344_1894","","","","","","","","","","","","","","","","","","",""
"","","","","","SL1344_p1_0022","","SL1344_3030","","","","","SL1344_1895","","","","","","","","","","","","","","","","","","",""
"","","","","","pslt106","","SL1344_3031","","","","","SL1344_0993","","","","","","","","","","","","","","","","","","",""
"","","","","","SL1344_0018","","SL1344_3038","","","","","yedl","","","","","","","","","","","","","","","","","","",""
"","","","","","SL1344_0040","","SL1344_3081","","","","","yedm","","","","","","","","","","","","","","","","","","",""
"","","","","","SL1344_0041","","SL1344_3302","","","","","yedn","","","","","","","","","","","","","","","","","","",""
"","","","","","SL1344_0097","","SL1344_3303","","","","","SL1344_2036","","","","","","","","","","","","","","","","","","",""
"","","","","","SL1344_0170","","gltf","","","","","SL1344_2035","","","","","","","","","","","","","","","","","","",""
"","","","","","SL1344_0176","","yzgl","","","","","SL1344_2203","","","","","","","","","","","","","","","","","","",""
"","","","","","SL1344_0251","","SL1344_3574","","","","","yfad","","","","","","","","","","","","","","","","","","",""
"","","","","","SL1344_0284","","SL1344_3592","","","","","yfah","","","","","","","","","","","","","","","","","","",""
"","","","","","yafh","","SL1344_3593","","","","","SL1344_2264","","","","","","","","","","","","","","","","","","",""
"","","","","","STM0314","","SL1344_3594","","","","","SL1344_2378","","","","","","","","","","","","","","","","","","",""
"","","","","","SL1344_0311","","SL1344_3595","","","","","SL1344_2379","","","","","","","","","","","","","","","","","","",""
"","","","","","SL1344_0351","","SL1344_3596","","","","","SL1344_2380","","","","","","","","","","","","","","","","","","",""
"","","","","","SL1344_0393","","SL1344_3630","","","","","SL1344_2610","","","","","","","","","","","","","","","","","","",""
"","","","","","SL1344_0433","","SL1344_3761","","","","","SL1344_2895","","","","","","","","","","","","","","","","","","",""
"","","","","","SL1344_0434","","SL1344_3762","","","","","SL1344_2894","","","","","","","","","","","","","","","","","","",""
"","","","","","SL1344_0435","","SL1344_3763","","","","","SL1344_2923","","","","","","","","","","","","","","","","","","",""
"","","","","","SL1344_0436","","SL1344_4118","","","","","SL1344_3053","","","","","","","","","","","","","","","","","","",""
"","","","","","SL1344_0437","","SL1344_4119","","","","","SL1344_3131","","","","","","","","","","","","","","","","","","",""
"","","","","","SL1344_0569","","SL1344_4120","","","","","SL1344_3198","","","","","","","","","","","","","","","","","","",""
"","","","","","SL1344_0570","","SL1344_4237","","","","","ygjv","","","","","","","","","","","","","","","","","","",""
"","","","","","SL1344_0588","","SL1344_4238","","","","","yhab","","","","","","","","","","","","","","","","","","",""
"","","","","","SL1344_0622","","SL1344_4262","","","","","yhac","","","","","","","","","","","","","","","","","","",""
"","","","","","SL1344_0651","","SL1344_4263","","","","","SL1344_3319","","","","","","","","","","","","","","","","","","",""
"","","","","","SL1344_0652","","SL1344_0536","","","","","SL1344_3318","","","","","","","","","","","","","","","","","","",""
"","","","","","SL1344_0653","","SL1344_0537","","","","","SL1344_3357","","","","","","","","","","","","","","","","","","",""
"","","","","","SL1344_0654","","SL1344_0538","","","","","SL1344_3358","","","","","","","","","","","","","","","","","","",""
"","","","","","SL1344_0711","","SL1344_0539","","","","","SL1344_3359","","","","","","","","","","","","","","","","","","",""
"","","","","","SL1344_0720","","SL1344_0541","","","","","SL1344_3360","","","","","","","","","","","","","","","","","","",""
"","","","","","SL1344_0721","","SL1344_4519","","","","","yhfm","","","","","","","","","","","","","","","","","","",""
"","","","","","SL1344_0767","","SL1344_0540","","","","","yhfn","","","","","","","","","","","","","","","","","","",""
"","","","","","SL1344_0768","","SL1344_4505","","","","","yhfo","","","","","","","","","","","","","","","","","","",""
"","","","","","SL1344_0770","","SL1344_4506","","","","","yhfp","","","","","","","","","","","","","","","","","","",""
"","","","","","SL1344_0789","","","","","","","yhfq","","","","","","","","","","","","","","","","","","",""
"","","","","","SL1344_0812","","","","","","","yhfr","","","","","","","","","","","","","","","","","","",""
"","","","","","SL1344_0813","","","","","","","yhfz","","","","","","","","","","","","","","","","","","",""
"","","","","","SL1344_0817","","","","","","","yhfy","","","","","","","","","","","","","","","","","","",""
"","","","","","ybiv(1)","","","","","","","SL1344_3557","","","","","","","","","","","","","","","","","","",""
"","","","","","SL1344_0834","","","","","","","SL1344_3578","","","","","","","","","","","","","","","","","","",""
"","","","","","SL1344_0854","","","","","","","SL1344_3774","","","","","","","","","","","","","","","","","","",""
"","","","","","SL1344_0855","","","","","","","yidp","","","","","","","","","","","","","","","","","","",""
"","","","","","STM0914","","","","","","","yidw","","","","","","","","","","","","","","","","","","",""
"","","","","","STM0915","","","","","","","SL1344_3796","","","","","","","","","","","","","","","","","","",""
"","","","","","STM0916","","","","","","","SL1344_3795","","","","","","","","","","","","","","","","","","",""
"","","","","","STM0917","","","","","","","SL1344_3857","","","","","","","","","","","","","","","","","","",""
"","","","","","STM0925","","","","","","","SL1344_3854","","","","","","","","","","","","","","","","","","",""
"","","","","","STM0927","","","","","","","yigc","","","","","","","","","","","","","","","","","","",""
"","","","","","SL1344_0874","","","","","","","SL1344_3970","","","","","","","","","","","","","","","","","","",""
"","","","","","SL1344_0890","","","","","","","SL1344_3971","","","","","","","","","","","","","","","","","","",""
"","","","","","SL1344_0917","","","","","","","SL1344_3972","","","","","","","","","","","","","","","","","","",""
"","","","","","SL1344_0967","","","","","","","SL1344_3973","","","","","","","","","","","","","","","","","","",""
"","","","","","SL1344_0973","","","","","","","SL1344_3974","","","","","","","","","","","","","","","","","","",""
"","","","","","SL1344_0980","","","","","","","SL1344_3975","","","","","","","","","","","","","","","","","","",""
"","","","","","aSTM1046","","","","","","","SL1344_4005","","","","","","","","","","","","","","","","","","",""
"","","","","","SL1344_0989","","","","","","","yjae","","","","","","","","","","","","","","","","","","",""
"","","","","","STM1052","","","","","","","SL1344_4282","","","","","","","","","","","","","","","","","","",""
"","","","","","SL1344_1000","","","","","","","yjen","","","","","","","","","","","","","","","","","","",""
"","","","","","SL1344_1040","","","","","","","SL1344_4283","","","","","","","","","","","","","","","","","","",""
"","","","","","SL1344_1060","","","","","","","yjfg","","","","","","","","","","","","","","","","","","",""
"","","","","","SL1344_1061","","","","","","","SL1344_1070","","","","","","","","","","","","","","","","","","",""
"","","","","","SL1344_1062","","","","","","","SL1344_1071","","","","","","","","","","","","","","","","","","",""
"","","","","","SL1344_1063","","","","","","","yjhq","","","","","","","","","","","","","","","","","","",""
"","","","","","SL1344_1140","","","","","","","SL1344_4430","","","","","","","","","","","","","","","","","","",""
"","","","","","SL1344_1151","","","","","","","yjim","","","","","","","","","","","","","","","","","","",""
"","","","","","SL1344_1162","","","","","","","yjil","","","","","","","","","","","","","","","","","","",""
"","","","","","SL1344_1163","","","","","","","yjik","","","","","","","","","","","","","","","","","","",""
"","","","","","SL1344_1184","","","","","","","SL1344_4446","","","","","","","","","","","","","","","","","","",""
"","","","","","SL1344_1215","","","","","","","yjjm","","","","","","","","","","","","","","","","","","",""
"","","","","","astc","","","","","","","SL1344_4526","","","","","","","","","","","","","","","","","","",""
"","","","","","SL1344_1239","","","","","","","SL1344_1416","","","","","","","","","","","","","","","","","","",""
"","","","","","SL1344_1240","","","","","","","yqea","","","","","","","","","","","","","","","","","","",""
"","","","","","SL1344_1241","","","","","","","SL1344_3090","","","","","","","","","","","","","","","","","","",""
"","","","","","SL1344_1263","","","","","","","SL1344_3063","","","","","","","","","","","","","","","","","","",""
"","","","","","SL1344_1301","","","","","","","SL1344_3127","","","","","","","","","","","","","","","","","","",""
"","","","","","SL1344_1302","","","","","","","yqie","","","","","","","","","","","","","","","","","","",""
"","","","","","SL1344_1391","","","","","","","SL1344_3158","","","","","","","","","","","","","","","","","","",""
"","","","","","SL1344_1448","","","","","","","icc","","","","","","","","","","","","","","","","","","",""
"","","","","","SL1344_1449","","","","","","","SL1344_3156","","","","","","","","","","","","","","","","","","",""
"","","","","","SL1344_1450","","","","","","","SL1344_3155","","","","","","","","","","","","","","","","","","",""
"","","","","","SL1344_1467","","","","","","","ytfq","","","","","","","","","","","","","","","","","","",""
"","","","","","SL1344_1468","","","","","","","ytfr","","","","","","","","","","","","","","","","","","",""
"","","","","","SL1344_1477","","","","","","","ytfs","","","","","","","","","","","","","","","","","","",""
"","","","","","SL1344_1555","","","","","","","ytft","","","","","","","","","","","","","","","","","","",""
"","","","","","SL1344_1598","","","","","","","yjff","","","","","","","","","","","","","","","","","","",""
"","","","","","SL1344_1644","","","","","","","SL1344_2391","","","","","","","","","","","","","","","","","","",""
"","","","","","SL1344_1659","","","","","","","bglg","","","","","","","","","","","","","","","","","","",""
"","","","","","SL1344_1660","","","","","","","SL1344_3579","","","","","","","","","","","","","","","","","","",""
"","","","","","SL1344_1661","","","","","","","SL1344_3848","","","","","","","","","","","","","","","","","","",""
"","","","","","SL1344_1662","","","","","","","SL1344_3849","","","","","","","","","","","","","","","","","","",""
"","","","","","SL1344_1699","","","","","","","SL1344_3850","","","","","","","","","","","","","","","","","","",""
"","","","","","SL1344_1714","","","","","","","SL1344_3851","","","","","","","","","","","","","","","","","","",""
"","","","","","SL1344_1716","","","","","","","SL1344_3852","","","","","","","","","","","","","","","","","","",""
"","","","","","SL1344_1718","","","","","","","SL1344_3853","","","","","","","","","","","","","","","","","","",""
"","","","","","SL1344_1719","","","","","","","SL1344_3997","","","","","","","","","","","","","","","","","","",""
"","","","","","SL1344_1723","","","","","","","SL1344_3998","","","","","","","","","","","","","","","","","","",""
"","","","","","SL1344_1730","","","","","","","SL1344_0714","","","","","","","","","","","","","","","","","","",""
"","","","","","SL1344_1731","","","","","","","SL1344_0715","","","","","","","","","","","","","","","","","","",""
"","","","","","SL1344_1745","","","","","","","SL1344_0716","","","","","","","","","","","","","","","","","","",""
"","","","","","SL1344_1747","","","","","","","SL1344_0717","","","","","","","","","","","","","","","","","","",""
"","","","","","SL1344_1763","","","","","","","tnal","","","","","","","","","","","","","","","","","","",""
"","","","","","SL1344_1764","","","","","","","tnaa","","","","","","","","","","","","","","","","","","",""
"","","","","","SL1344_1779","","","","","","","tnab","","","","","","","","","","","","","","","","","","",""
"","","","","","SL1344_1780","","","","","","","SL1344_4385","","","","","","","","","","","","","","","","","","",""
"","","","","","SL1344_1787","","","","","","","SL1344_4384","","","","","","","","","","","","","","","","","","",""
"","","","","","SL1344_1799","","","","","","","SL1344_0911","","","","","","","","","","","","","","","","","","",""
"","","","","","SL1344_1800","","","","","","","SL1344_0910","","","","","","","","","","","","","","","","","","",""
"","","","","","SL1344_1814","","","","","","","SL1344_2168","","","","","","","","","","","","","","","","","","",""
"","","","","","SL1344_1815","","","","","","","SL1344_2252","","","","","","","","","","","","","","","","","","",""
"","","","","","SL1344_1816","","","","","","","SL1344_2251","","","","","","","","","","","","","","","","","","",""
"","","","","","SL1344_1830","","","","","","","malx","","","","","","","","","","","","","","","","","","",""
"","","","","","SL1344_1862","","","","","","","maly","","","","","","","","","","","","","","","","","","",""
"","","","","","SL1344_1863","","","","","","","SL1344_4234","","","","","","","","","","","","","","","","","","",""
"","","","","","SL1344_2112","","","","","","","SL1344_2167","","","","","","","","","","","","","","","","","","",""
"","","","","","SL1344_2141","","","","","","","SL1344_2166","","","","","","","","","","","","","","","","","","",""
"","","","","","SL1344_2184","","","","","","","SL1344_2165","","","","","","","","","","","","","","","","","","",""
"","","","","","SL1344_2185","","","","","","","SL1344_1140","","","","","","","","","","","","","","","","","","",""
"","","","","","SL1344_2186","","","","","","","SL1344_2394","","","","","","","","","","","","","","","","","","",""
"","","","","","SL1344_2196","","","","","","","SL1344_2395","","","","","","","","","","","","","","","","","","",""
"","","","","","SL1344_2197","","","","","","","SL1344_2396","","","","","","","","","","","","","","","","","","",""
"","","","","","SL1344_2217","","","","","","","SL1344_3432","","","","","","","","","","","","","","","","","","",""
"","","","","","SL1344_2219","","","","","","","SL1344_4263","","","","","","","","","","","","","","","","","","",""
"","","","","","SL1344_2220","","","","","","","SL1344_4494","","","","","","","","","","","","","","","","","","",""
"","","","","","SL1344_2309","","","","","","","SL1344_4495","","","","","","","","","","","","","","","","","","",""
"","","","","","SL1344_2310","","","","","","","SL1344_4496","","","","","","","","","","","","","","","","","","",""
"","","","","","SL1344_2311","","","","","","","SL1344_4497","","","","","","","","","","","","","","","","","","",""
"","","","","","SL1344_2312","","","","","","","SL1344_2253","","","","","","","","","","","","","","","","","","",""
"","","","","","SL1344_2313","","","","","","","SL1344_2255","","","","","","","","","","","","","","","","","","",""
"","","","","","SL1344_2324","","","","","","","SL1344_2254","","","","","","","","","","","","","","","","","","",""
"","","","","","SL1344_2360","","","","","","","SL1344_0564","","","","","","","","","","","","","","","","","","",""
"","","","","","ddg","","","","","","","SL1344_0563","","","","","","","","","","","","","","","","","","",""
"","","","","","SL1344_2472","","","","","","","SL1344_0562","","","","","","","","","","","","","","","","","","",""
"","","","","","SL1344_2488","","","","","","","SL1344_2377","","","","","","","","","","","","","","","","","","",""
"","","","","","SL1344_2547","","","","","","","SL1344_3088","","","","","","","","","","","","","","","","","","",""
"","","","","","SL1344_2550","","","","","","","SL1344_3533","","","","","","","","","","","","","","","","","","",""
"","","","","","SL1344_2552","","","","","","","SL1344_0407","","","","","","","","","","","","","","","","","","",""
"","","","","","SL1344_2553","","","","","","","SL1344_4199","","","","","","","","","","","","","","","","","","",""
"","","","","","aSTM2590","","","","","","","SL1344_1151","","","","","","","","","","","","","","","","","","",""
"","","","","","SL1344_2555","","","","","","","SL1344_3065","","","","","","","","","","","","","","","","","","",""
"","","","","","SL1344_2556","","","","","","","SL1344_3441","","","","","","","","","","","","","","","","","","",""
"","","","","","SL1344_2557","","","","","","","SL1344_3442","","","","","","","","","","","","","","","","","","",""
"","","","","","SL1344_2558","","","","","","","SL1344_0812","","","","","","","","","","","","","","","","","","",""
"","","","","","SL1344_2560","","","","","","","ykfc","","","","","","","","","","","","","","","","","","",""
"","","","","","SL1344_2561","","","","","","","SL1344_3440","","","","","","","","","","","","","","","","","","",""
"","","","","","SL1344_2562","","","","","","","SL1344_3258","","","","","","","","","","","","","","","","","","",""
"","","","","","SL1344_2563","","","","","","","SL1344_3257","","","","","","","","","","","","","","","","","","",""
"","","","","","SL1344_2564","","","","","","","SL1344_3355","","","","","","","","","","","","","","","","","","",""
"","","","","","SL1344_2565","","","","","","","SL1344_3356","","","","","","","","","","","","","","","","","","",""
"","","","","","SL1344_2566","","","","","","","SL1344_2969","","","","","","","","","","","","","","","","","","",""
"","","","","","SL1344_2567","","","","","","","ydfk","","","","","","","","","","","","","","","","","","",""
"","","","","","SL1344_2568","","","","","","","SL1344_2045","","","","","","","","","","","","","","","","","","",""
"","","","","","SL1344_2569","","","","","","","ygfj","","","","","","","","","","","","","","","","","","",""
"","","","","","SL1344_2570","","","","","","","ynae","","","","","","","","","","","","","","","","","","",""
"","","","","","SL1344_2571","","","","","","","SL1344_0941","","","","","","","","","","","","","","","","","","",""
"","","","","","SL1344_2572","","","","","","","SL1344_0428","","","","","","","","","","","","","","","","","","",""
"","","","","","SL1344_2573","","","","","","","yojl","","","","","","","","","","","","","","","","","","",""
"","","","","","SL1344_2574","","","","","","","SL1344_4211","","","","","","","","","","","","","","","","","","",""
"","","","","","SL1344_2575","","","","","","","alda","","","","","","","","","","","","","","","","","","",""
"","","","","","SL1344_2579","","","","","","","SL1344_2183","","","","","","","","","","","","","","","","","","",""
"","","","","","SL1344_2656","","","","","","","SL1344_2182","","","","","","","","","","","","","","","","","","",""
"","","","","","SL1344_2678","","","","","","","SL1344_3231","","","","","","","","","","","","","","","","","","",""
"","","","","","SL1344_2734","","","","","","","SL1344_3233","","","","","","","","","","","","","","","","","","",""
"","","","","","SL1344_2737","","","","","","","SL1344_3234","","","","","","","","","","","","","","","","","","",""
"","","","","","aSTM2779","","","","","","","SL1344_3029","","","","","","","","","","","","","","","","","","",""
"","","","","","SL1344_2763","","","","","","","SL1344_4036","","","","","","","","","","","","","","","","","","",""
"","","","","","nxia","","","","","","","SL1344_4035","","","","","","","","","","","","","","","","","","",""
"","","","","","SL1344_2768","","","","","","","nmpc","","","","","","","","","","","","","","","","","","",""
"","","","","","SL1344_2770","","","","","","","SL1344_0936","","","","","","","","","","","","","","","","","","",""
"","","","","","SL1344_2771","","","","","","","ybek","","","","","","","","","","","","","","","","","","",""
"","","","","","SL1344_2772","","","","","","","SL1344_3965","","","","","","","","","","","","","","","","","","",""
"","","","","","SL1344_2773","","","","","","","SL1344_0720","","","","","","","","","","","","","","","","","","",""
"","","","","","SL1344_2774","","","","","","","SL1344_0721","","","","","","","","","","","","","","","","","","",""
"","","","","","SL1344_2775","","","","","","","SL1344_0170","","","","","","","","","","","","","","","","","","",""
"","","","","","SL1344_2776","","","","","","","SL1344_4227","","","","","","","","","","","","","","","","","","",""
"","","","","","SL1344_2782","","","","","","","trpl","","","","","","","","","","","","","","","","","","",""
"","","","","","SL1344_2786","","","","","","","SL1344_1654","","","","","","","","","","","","","","","","","","",""
"","","","","","SL1344_2997","","","","","","","SL1344_1655","","","","","","","","","","","","","","","","","","",""
"","","","","","SL1344_3000","","","","","","","SL1344_1656","","","","","","","","","","","","","","","","","","",""
"","","","","","SL1344_3002","","","","","","","SL1344_1658","","","","","","","","","","","","","","","","","","",""
"","","","","","SL1344_3098","","","","","","","yagu","","","","","","","","","","","","","","","","","","",""
"","","","","","SL1344_3101","","","","","","","","","","","","","","","","","","","","","","","","","",""
"","","","","","SL1344_3131","","","","","","","","","","","","","","","","","","","","","","","","","",""
"","","","","","SL1344_3184","","","","","","","","","","","","","","","","","","","","","","","","","",""
"","","","","","SL1344_3191","","","","","","","","","","","","","","","","","","","","","","","","","",""
"","","","","","SL1344_3197","","","","","","","","","","","","","","","","","","","","","","","","","",""
"","","","","","SL1344_3198","","","","","","","","","","","","","","","","","","","","","","","","","",""
"","","","","","SL1344_3253","","","","","","","","","","","","","","","","","","","","","","","","","",""
"","","","","","SL1344_3257","","","","","","","","","","","","","","","","","","","","","","","","","",""
"","","","","","yhbc","","","","","","","","","","","","","","","","","","","","","","","","","",""
"","","","","","yhbz","","","","","","","","","","","","","","","","","","","","","","","","","",""
"","","","","","SL1344_3275","","","","","","","","","","","","","","","","","","","","","","","","","",""
"","","","","","SL1344_3357","","","","","","","","","","","","","","","","","","","","","","","","","",""
"","","","","","SL1344_3358","","","","","","","","","","","","","","","","","","","","","","","","","",""
"","","","","","SL1344_3425","","","","","","","","","","","","","","","","","","","","","","","","","",""
"","","","","","SL1344_3522","","","","","","","","","","","","","","","","","","","","","","","","","",""
"","","","","","SL1344_3541","","","","","","","","","","","","","","","","","","","","","","","","","",""
"","","","","","SL1344_3591","","","","","","","","","","","","","","","","","","","","","","","","","",""
"","","","","","SL1344_3592","","","","","","","","","","","","","","","","","","","","","","","","","",""
"","","","","","SL1344_3593","","","","","","","","","","","","","","","","","","","","","","","","","",""
"","","","","","SL1344_3594","","","","","","","","","","","","","","","","","","","","","","","","","",""
"","","","","","SL1344_3595","","","","","","","","","","","","","","","","","","","","","","","","","",""
"","","","","","SL1344_3596","","","","","","","","","","","","","","","","","","","","","","","","","",""
"","","","","","SL1344_3617","","","","","","","","","","","","","","","","","","","","","","","","","",""
"","","","","","SL1344_3657","","","","","","","","","","","","","","","","","","","","","","","","","",""
"","","","","","SL1344_3658","","","","","","","","","","","","","","","","","","","","","","","","","",""
"","","","","","SL1344_3659","","","","","","","","","","","","","","","","","","","","","","","","","",""
"","","","","","SL1344_3660","","","","","","","","","","","","","","","","","","","","","","","","","",""
"","","","","","SL1344_3670","","","","","","","","","","","","","","","","","","","","","","","","","",""
"","","","","","SL1344_3728","","","","","","","","","","","","","","","","","","","","","","","","","",""
"","","","","","SL1344_3729","","","","","","","","","","","","","","","","","","","","","","","","","",""
"","","","","","SL1344_3775","","","","","","","","","","","","","","","","","","","","","","","","","",""
"","","","","","SL1344_3822","","","","","","","","","","","","","","","","","","","","","","","","","",""
"","","","","","SL1344_3823","","","","","","","","","","","","","","","","","","","","","","","","","",""
"","","","","","SL1344_3824","","","","","","","","","","","","","","","","","","","","","","","","","",""
"","","","","","SL1344_3910","","","","","","","","","","","","","","","","","","","","","","","","","",""
"","","","","","SL1344_3935","","","","","","","","","","","","","","","","","","","","","","","","","",""
"","","","","","SL1344_3936","","","","","","","","","","","","","","","","","","","","","","","","","",""
"","","","","","SL1344_3960","","","","","","","","","","","","","","","","","","","","","","","","","",""
"","","","","","SL1344_4009","","","","","","","","","","","","","","","","","","","","","","","","","",""
"","","","","","SL1344_4012","","","","","","","","","","","","","","","","","","","","","","","","","",""
"","","","","","SL1344_4034","","","","","","","","","","","","","","","","","","","","","","","","","",""
"","","","","","SL1344_4075","","","","","","","","","","","","","","","","","","","","","","","","","",""
"","","","","","SL1344_4097","","","","","","","","","","","","","","","","","","","","","","","","","",""
"","","","","","SL1344_4133","","","","","","","","","","","","","","","","","","","","","","","","","",""
"","","","","","SL1344_4175","","","","","","","","","","","","","","","","","","","","","","","","","",""
"","","","","","yjcg","","","","","","","","","","","","","","","","","","","","","","","","","",""
"","","","","","SL1344_4210","","","","","","","","","","","","","","","","","","","","","","","","","",""
"","","","","","SL1344_4211","","","","","","","","","","","","","","","","","","","","","","","","","",""
"","","","","","SL1344_4232","","","","","","","","","","","","","","","","","","","","","","","","","",""
"","","","","","SL1344_4238","","","","","","","","","","","","","","","","","","","","","","","","","",""
"","","","","","SL1344_4250","","","","","","","","","","","","","","","","","","","","","","","","","",""
"","","","","","SL1344_4258","","","","","","","","","","","","","","","","","","","","","","","","","",""
"","","","","","SL1344_4282","","","","","","","","","","","","","","","","","","","","","","","","","",""
"","","","","","SL1344_4289","","","","","","","","","","","","","","","","","","","","","","","","","",""
"","","","","","SL1344_4331","","","","","","","","","","","","","","","","","","","","","","","","","",""
"","","","","","SL1344_4333","","","","","","","","","","","","","","","","","","","","","","","","","",""
"","","","","","SL1344_4341","","","","","","","","","","","","","","","","","","","","","","","","","",""
"","","","","","SL1344_4486","","","","","","","","","","","","","","","","","","","","","","","","","",""
"","","","","","STM4562","","","","","","","","","","","","","","","","","","","","","","","","","",""
