CpxR,,RpoE,,RpoS,,RcsB,,Fur,,ArcA,,FNR,,Lrp,,OxyR,,OmpR,,PmrAB,,SlyA,,CRP,,PhoP,,,CS54,Oaf,SLP105,SLP203,SLP272,SLP281,SLP285,SLP289,SLP443,SPI-1,SPI-2,SPI-3,SPI-4,SPI-6,SPI-9,SPI-12,SPI-13,SPI-16,all reference [25],,[1],J Bacteriol. 2009 Mar;191(6):1798-815
cpxP,"[1, 2]",rpoE,"[3, 4]",aidB,[5],osmB,[10],rlgA,[11],pefB,[12],caiF,[13],ilvG,[14],dps,[15],hyaA,[18],yijP,[19],slyA,[20],acrE,[22],pagP,[23],,SL1344_2474,SL1344_2207,SL1344_0943,SL1344_1928,SL1344_2547,SL1344_2632,SL1344_2666,SL1344_2713,SL1344_4130,SL1344_1784,SL1344_1628,SL1344_3718,SL1344_4194,SL1344_0261,SL1344_2662,SL1344_2218,SL1344_3092,SL1344_0547,,,[3],J Bacteriol. 2009 Dec;191(23):7279-87
htrA,"[1, 2]",micA,"[3, 4]",aldB,[5],ymgG,[10],map,[11],traY,[12],dcuC,[13],ilvG,[14],katG,[15],SL1469,[18],yfbE,[19],ispA,[20],adhE,[22],ybjX,[23],,SL1344_2475,SL1344_2208,SL1344_0944,SL1344_1929,SL1344_2548,SL1344_2633,SL1344_2667,SL1344_2714,SL1344_4131,SL1344_2043,SL1344_2217,SL1344_3720,SL1344_4195,SL1344_0262,SL1344_2663,SL1344_2219,SL1344_3093,SL1344_0548,,,[4],J Biol Chem. 2001 Jun 15;276(24):20866-75
dsbA,"[1, 2]",rybB,"[3, 4]",appY,[5],ymgD,[10],rpsB,[11],thrL,[12],moaA,[13],thrL,[14],grxA,[15],ompS1,[18],pmrF,[19],xseB,[20],arcA,[22],pipD,[23],,SL1344_2477,SL1344_2209,SL1344_0945,SL1344_1930,SL1344_2549,SL1344_2634,SL1344_2668,SL1344_2715,SL1344_4132,SL1344_2674,SL1344_1325,SL1344_3722,SL1344_4196,SL1344_0263,SL1344_2664,SL1344_2220,SL1344_3094,SL1344_0549,,,[5],Can J Microbiol. 1998 Aug;44(8):707-17
ycfS,"[1, 2]",mdoG,"[3, 4]",appA,[5],osmY,[10],yajC,[11],thrA,[12],moaB,[13],thrA,[14],ahpF,[15],ompC,[18],yfbG,[19],ompC,[20],argR,[22],phoP,[23],,SL1344_2478,SL1344_2210,SL1344_0946,SL1344_1931,SL1344_2550,SL1344_2635,SL1344_2669,SL1344_2716,SL1344_4133,SL1344_2845,SL1344_1326,SL1344_3723,SL1344_4197,SL1344_0264,,SL1344_2221,SL1344_3095,,,,[6],Nucleic Acids Res. 2012 Apr;40(8):3623-40
yebE,"[1, 2]",plsB,"[3, 4]",bolA,[5],ybaY,[10],nrdR,[11],caiF,[12],moaC,[13],thrB,[14],trxC,[15],sprB,[18],STM2300,[19],fliC,[20],ydeY,[22],pagD,[23],,SL1344_2479,SL1344_2211,SL1344_0947,SL1344_1932,SL1344_2551,SL1344_2636,SL1344_2670,SL1344_2717,SL1344_4134,SL1344_2847,SL1344_1333,SL1344_3724,SL1344_4198,SL1344_0265,,,SL1344_3096,,,,[7],J Bacteriol. 1996 Sep;178(17):5112-20
ftnB,"[1, 2]",htrA,"[3, 4]",cbdA,[5],ivy,[10],cyoE,[11],ffs,[12],moaD,[13],thrC,[14],ahpC,[15],ompR,[18],pqa,[19],iroN,[20],ydeZ,[22],pagC,[23],,SL1344_2480,SL1344_2212,SL1344_0948,SL1344_1933,SL1344_2552,SL1344_2637,SL1344_2671,SL1344_2718,SL1344_4135,SL1344_2849,SL1344_1337,SL1344_3725,SL1344_4199,SL1344_0266,,,SL1344_3097,,,,[8],Proc Natl Acad Sci U S A. 1992 Dec 15;89(24):11978-82
yccA,"[1, 2]",yggN,"[3, 4]",cbdB,[5],ycfJ,[10],cyoD,[11],STM0650,[12],moaE,[13],ftsQ,[14],fur,[15],cstA,[18],STM2302,[19],pagC,[20],yneB,[22],ssrB,[23],,,SL1344_2213,SL1344_0949,SL1344_1934,SL1344_2552A,SL1344_2638,SL1344_2672,SL1344_2719,SL1344_4136,SL1344_2850,SL1344_1338,SL1344_3726,,SL1344_0267,,,,,,,[9],J Bacteriol. 2000 Oct;182(20):5749-56
yqjA,"[1, 2]",yfjO,"[3, 4]",cbpA,[5],yfbR,[10],cyoB,[11],STM0699,[12],hcp,[13],ftsA,[14],gor,[15],gltK,[18],STM2303,[19],ugtL,[21],eutI,[22],slyB,[23],,,SL1344_2214,SL1344_0950,SL1344_1935,SL1344_2553,SL1344_2639,SL1344_2673,SL1344_2720,SL1344_4137,SL1344_2855,SL1344_1341,SL1344_3727,,SL1344_0268,,,,,,,[10],PLoS Genet. 2009 Sep;5(9):e1000651
psd,"[1, 2]",smpA,"[3, 4]",cfa,[5],yraI,[10],cyoA,[11],potE,[12],hcr,[13],ftsZ,[14],dsbG,[15],gltI,[18],yjdB,[19],,,cchA,[22],ompX,[23],,,SL1344_2215,SL1344_0951,SL1344_1936,SL1344_2554,SL1344_2640,SL1344_2674,SL1344_2721,SL1344_4138,SL1344_2856,SL1344_1342,SL1344_3727A,,SL1344_0270,,,,,,,[11],BMC Microbiol. 2011 Oct 21;11:236
spy,"[1, 2]",rpoH,"[3, 4]",csiA,[5],yraJ,[10],fepA,[11],speF,[12],dmsA,[13],pepD,[14],flu,[15],ybfM,[18],ais,[19],,,ypjE,[22],rstA,[23],,,SL1344_2216,SL1344_0952,SL1344_1937,SL1344_2555,SL1344_2641,SL1344_2675,SL1344_2722,SL1344_4139,SL1344_2857,SL1344_1347,SL1344_3728,,SL1344_0271,,,,,,,[12],BMC Microbiol. 2011 Mar 21;11:58
ppiA,"[1, 2]",rseA,"[3, 4]",csiB,[5],yraK,[10],fes,[11],aSTM0907,[12],dmsB,[13],ykgE,[14],fhuF,[15],sdhC,[18],pmrR,[19],,,yfjD,[22],pcgL,[23],,,,SL1344_0953,SL1344_1938,SL1344_2556,SL1344_2642,SL1344_2676,SL1344_2723,SL1344_4140,SL1344_2858,SL1344_1334,SL1344_3729,,SL1344_0272,,,,,,,[13],J Biol Chem. 2006 Feb 24;281(8):4802-15
cpxR,"[1, 2]",clpX,"[3, 4]",csiC,[5],glf,[10],entC,[11],STM0950,[12],dmsC,[13],ykgF,[14],hemH,[15],sdhD,[18],udg,[19],,,ygbD,[22],ugtL,[23],,,,SL1344_0954,SL1344_1939,SL1344_2557,SL1344_2643,SL1344_2677,,SL1344_4141,SL1344_2860,SL1344_1350,,,SL1344_0273,,,,,,,[14],Proc Natl Acad Sci U S A. 2008 Dec 9;105(49):19462-7
ompF,"[1, 2]",yfeY,"[3, 4]",csiD,[5],rfc,[10],sucC,[11],STM1129,[12],focA,[13],ykgG,[14],sufA,[15],sdhA,[18],fepE,[19],,,hybA,[22],pagK,[23],,,,SL1344_0955,SL1344_1940,SL1344_2558,SL1344_2644,SL1344_2678,,SL1344_4142,SL1344_2861,SL1344_1351,,,SL1344_0274,,,,,,,[15],J Bacteriol. 2001 Aug;183(15):4562-70
rpoE,"[1, 2]",ygiM,"[3, 4]",csiE,[5],ugd,[10],gpmA,[11],STM1130,[12],pflB,[13],brnQ,[14],sufB,[15],SL1069,[18],cld,[19],,,hybB,[22],pmrD,[23],,,,SL1344_0956,SL1344_1941,SL1344_2559,SL1344_2645,SL1344_2679,,SL1344_4143,SL1344_2862,SL1344_1352,,,SL1344_0275,,,,,,,[16],Cell. 1997 Jul 11;90(1):43-53
efeU,"[1, 2]",yhjJ,"[3, 4]",csiF,[5],cld,[10],cmk,[11],STM1131,[12],narK,[13],proY,[14],sufC,[15],narK,[18],aroQ,[19],,,hybC,[22],pgtE,[23],,,,SL1344_0957,SL1344_1942,SL1344_2560,,SL1344_2680,,SL1344_4144,SL1344_2863,SL1344_1356,,,SL1344_0276,,,,,,,[17],Science. 2012 Apr 27;336(6080):470-3
aroK,"[1, 2]",yaeT,"[3, 4]",csgC,[5],yfdC,[10],STM1013,[11],STM1132,[12],narG,[13],ribE,[14],sufD,[15],dadA,[18],deoA,[19],,,hybD,[22],virK,[23],,,,SL1344_0958,SL1344_1943,SL1344_2561,,SL1344_2681,,SL1344_4145,SL1344_2864,SL1344_1561,,,SL1344_0277,,,,,,,[18],Mol Microbiol. 2013 Feb;87(3):526-38
yaiW,"[1, 2]",yraP,"[3, 4]",csgD,[5],yjbJ,[10],STM1133,[11],STM1133,[12],narH,[13],nusB,[14],sufS,[15],mglB,[18],dgoA,[19],,,hybE,[22],mig-14,[23],,,,SL1344_0959,SL1344_1944,SL1344_2562,,SL1344_2682,,SL1344_4146,SL1344_2865,SL1344_0909,,,SL1344_0278,,,,,,,[19],Annu Rev Microbiol. 2013;67:83-112
yceI,"[1, 2]",sixA,"[3, 4]",csgE,[5],galU,[10],ydiE,[11],ycdZ,[12],narJ,[13],ybgS,[14],sufE,[15],napG,[18],ybjG,[19],,,hybF,[22],mgtC,[23],,,,SL1344_0960,SL1344_1945,SL1344_2563,,SL1344_2683,,SL1344_4147,SL1344_2866,SL1344_1332,,,SL1344_0279,,,,,,,[20],J Biol Chem. 2002 May 17;277(20):17630-7
yceJ,"[1, 2]",yecI,"[3, 4]",csgF,[5],wza,[10],nth,[11],csgG,[12],narI,[13],ybhN,[14],yaaA,[15],napD,[18],BasS,[19],,,yigU,[22],mgtA,[23],,,,SL1344_0961,SL1344_1946,SL1344_2564,,SL1344_2684,,SL1344_4148,SL1344_2867,SL1344_1343,,,SL1344_0280,,,,,,,[21],J Biol Chem. 2004 Sep 10;279(37):38618-25
ydiY,"[1, 2]",fkpA,"[3, 4]",csgA,[5],wzb,[10],STM1586,[11],flgN,[12],fdnG,[13],ybhO,[14],yaiA,[15],napF,[18],BasR,[19],,,yigW,[22],MgrR,[24],,,,SL1344_0962,SL1344_1947,SL1344_2565,,SL1344_2685,,SL1344_4149,SL1344_2868,SL1344_1331,,,SL1344_0281,,,,,,,[22],Nucleic Acids Res. 2004 Nov 1;32(19):5874-93
yfjN,"[1, 2]",yfgL,"[3, 4]",csgB,[5],wzc,[10],ldhA,[11],flgM,[12],fdnH,[13],ybhP,[14],ybjM,[15],fadI,[18],pmrD,[19],,,cchB,[22],,,,,,SL1344_0963,SL1344_1948,SL1344_2566,,SL1344_2686,,SL1344_4150,SL1344_2869,SL1344_1346,,,SL1344_0282,,,,,,,[23],Mol Microbiol. 2012 May;84(3):463-85
yijP,"[1, 2]",bacA,"[3, 4]",dps,[5],wcaA,[10],ynaF,[11],flgK,[12],fdnI,[13],ybiJ,[14],yljA,[15],ndk,[18],sseJ,[19],,,eutE,[22],,,,,,SL1344_0964,SL1344_1949,SL1344_2567,,SL1344_2687,,SL1344_4151,SL1344_2870,SL1344_2763,,,SL1344_0283,,,,,,,[24],Mol Microbiol. 2013 Jul;89(1):52-64
yncJ,"[1, 2]",ddg,"[3, 4]",f253a,[5],wcaB,[10],tonB,[11],flgL,[12],fliZY,[13],potF,[14],oxyS,[16],tctD,[18],STM1253,[19],,,eutJ,[22],,,,,,SL1344_0965,SL1344_1950,SL1344_2568,,SL1344_2688,,SL1344_4152,SL1344_2871,SL1344_1327,,,SL1344_0284,,,,,,,[25],Proc Natl Acad Sci U S A. 2012 May 15;109(20):E1277-86
ynfD,"[1, 2]",yiiS,"[3, 4]",ficA,[5],yaaX,[10],hns,[11],STM1300,[12],glpA,[13],potG,[14],tauB,[17],yqeF,[18],udp,[19],,,eutG,[22],,,,,,SL1344_0965A,SL1344_1951,SL1344_2569,,SL1344_2689,,SL1344_4153,SL1344_2872,SL1344_1161,,,SL1344_0285,,,,,,,,
yqaE,"[1, 2]",ychH,"[3, 4]",frd,[5],wcaC,[10],STM1795,[11],STM1301,[12],glpB,[13],potH,[14],yobA,[17],aer,[18],yibD,[19],,,celA,[22],,,,,,SL1344_0966,SL1344_1952,SL1344_2570,,SL1344_2690,,SL1344_4154,SL1344_2873,SL1344_1559,,,SL1344_0286,,,,,,,,
ytfK,"[1, 2]",yicJ,"[3, 4]",ftsQ,[5],wcaD,[10],STM2186,[11],STM1324,[12],glpC,[13],potI,[14],sdhB,[17],ygjU,[18],yrbL,[19],,,celB,[22],,,,,,SL1344_0967,SL1344_1953,SL1344_2571,,SL1344_2691,,SL1344_4155,SL1344_2874,SL1344_P1_0068,,,SL1344_0286A,,,,,,,,
dctA,"[1, 2]",ompX,"[3, 4]",ftsZ,[5],wcaE,[10],cirA,[11],cheY,[12],yfiD,[13],artM,[14],yqhA,[17],fadA,[18],,,,,celC,[22],,,,,,SL1344_0968,SL1344_1954,SL1344_2572,,SL1344_2692,,SL1344_4156,SL1344_2875,SL1344_2546,,,SL1344_0286B,,,,,,,,
fadL,"[1, 2]",greA,"[3, 4]",galE,[5],wcaF,[10],eutC,[11],cheB,[12],hypB,[13],artQ,[14],fumA,[17],fadB,[18],,,,,celD,[22],,,,,,SL1344_0969,SL1344_1955,SL1344_2573,,SL1344_2693,,,SL1344_2876,SL1344_1532,,,SL1344_0288,,,,,,,,
mglB,"[1, 2]",yfeK,"[3, 4]",galK,[5],gmd,[10],eutB,[11],cheR,[12],hypC,[13],artI,[14],mdh,[17],ego,[18],,,,,celF,[22],,,,,,SL1344_0971,SL1344_1956,SL1344_2574,,SL1344_2694,,,SL1344_2877,SL1344_1330,,,SL1344_0289,,,,,,,,
sbmA,"[1, 2]",dsbC,"[3, 4]",galT,[5],fcl,[10],yffB,[11],cheM,[12],hypD,[13],artP,[14],aceF,[17],ydeZ,[18],,,,,ydjC,[22],,,,,,SL1344_0972,SL1344_1957,SL1344_2575,,SL1344_2695,,,SL1344_2878,SL1344_1335,,,SL1344_0291,,,,,,,,
tppB,"[1, 2]",nlpB,"[3, 4]",glgA,[5],nudD,[10],iroB,[11],cheW,[12],hypE,[13],ybjS,[14],speD,[17],nrfA,[18],,,,,csgD,[22],,,,,,SL1344_0973,SL1344_1958,SL1344_2576,,SL1344_2696,,,SL1344_2879,SL1344_1336,,,SL1344_0292,,,,,,,,
dacC,"[1, 2]",cutC,"[3, 4]",glgS,[5],wcaI,[10],iroN,[11],motB,[12],ansB,,ycaM,[14],lpdA,[17],,,,,,,csgE,[22],,,,,,SL1344_0974,SL1344_1959,SL1344_2577,,SL1344_2697,,,SL1344_4440,SL1344_1339,,,SL1344_0293,,,,,,,,
slt,"[1, 2]",ostA,"[3, 4]",glpD,[5],cpsB,[10],sitA,[11],motA,[12],nirB,,aspC,[14],aceE,[17],,,,,,,csgF,[22],,,,,,SL1344_0975,SL1344_1960,SL1344_2578,,SL1344_2698,,,SL1344_2841,SL1344_1340,,,SL1344_0294,,,,,,,,
ycbB,"[1, 2]",skp,"[3, 4]",gor,[5],cpsG,[10],yggU,[11],yecG,[12],nirC,,yceB,[14],yadF,[17],,,,,,,csgG,[22],,,,,,SL1344_0976,SL1344_1961,SL1344_2579,,SL1344_2699,,,SL1344_2842,SL1344_1354,,,SL1344_0295,,,,,,,,
yqaU,"[1, 2]",ecfA,"[3, 4]",hdeA,[5],wcaJ,[10],yqjH,[11],sdiA,[12],nirD,,ycgH,[14],ygiW,[17],,,,,,,cyoA,[22],,,,,,SL1344_0977,SL1344_1962,SL1344_2580,,SL1344_2700,,,SL1344_2843,SL1344_1355,,,SL1344_0296,,,,,,,,
flhC,"[1, 2]",ecfD,"[3, 4]",hdeB,[5],wzxC,[10],secY,[11],fliZ,[12],feoA,,dadA,[14],ycfR,[17],,,,,,,cyoB,[22],,,,,,SL1344_0978,SL1344_1963,SL1344_2581,,SL1344_2701,,,SL1344_2844,SL1344_0991,,,SL1344_0297,,,,,,,,
mzrA,"[1, 2]",ecfE,"[3, 4]",himA,[5],yggG,[10],bfr,[11],fliA,[12],feoB,,dadX,[14],gltA,[17],,,,,,,cyoC,[22],,,,,,SL1344_0979,SL1344_1964,SL1344_2582,,SL1344_2702,,,SL1344_2846,SL1344_1348,,,SL1344_0298,,,,,,,,
ydeH,"[1, 2]",ecfF,"[3, 4]",hmp,[5],yegS,[10],bfd,[11],fliS,[12],yhjA,,dhaM,[14],ybiJ,[17],,,,,,,cyoD,[22],,,,,,SL1344_0980,SL1344_1965,SL1344_2583,,SL1344_2703,,,SL1344_2851,SL1344_1329,,,SL1344_0299,,,,,,,,
rfm,"[1, 2]",ecfG,"[3, 4]",htrE,[5],spy,[10],feoB,[11],yeeI,[12],fumB,,dhaL,[14],gltI,[17],,,,,,,cyoE,[22],,,,,,SL1344_0981,SL1344_1966,SL1344_2584,,SL1344_2704,,,SL1344_2852,SL1344_1328,,,SL1344_0300,,,,,,,,
raiA,"[1, 2]",ecfH,"[3, 4]",hyaA,[5],yaiY,[10],STM3600,[11],pocR,[12],dcuB,,dhaK,[14],pdhR,[17],,,,,,,dapB,[22],,,,,,SL1344_0982,SL1344_1967,SL1344_2585,,SL1344_2705,,,SL1344_2853,,,,SL1344_0301,,,,,,,,
,,ecfI,"[3, 4]",hyaB,[5],,,STM3690,[11],pduF,[12],AspA,,oppA,[14],osmB,[17],,,,,,,ecpD,[22],,,,,,SL1344_0983,SL1344_1968,SL1344_2586,,SL1344_2706,,,SL1344_2854,,,,SL1344_0302,,,,,,,,
,,ecfJ,"[3, 4]",hyaC,[5],,,rpoZ,[11],pudB,[12],dcuA,,oppB,[14],gpmA,[17],,,,,,,htrE,[22],,,,,,SL1344_0984,SL1344_1969,SL1344_2587,,SL1344_2707,,,SL1344_2859,,,,SL1344_0303,,,,,,,,
,,regK,"[3, 4]",hyaD,[5],,,udp,[11],pduC,[12],frdA,,oppC,[14],yifK,[17],,,,,,,exuT,[22],,,,,,SL1344_0985,SL1344_1970,SL1344_2588,,SL1344_2708,,,SL1344_2848,,,,,,,,,,,,
,,ecfL,"[3, 4]",hyaE,[5],,,sodA,[11],pduD,[12],frdB,,oppD,[14],yebZ,[17],,,,,,,fadB,[22],,,,,,SL1344_0986,SL1344_1971,SL1344_2589,,SL1344_2709,,,,,,,,,,,,,,,
,,htrM,"[3, 4]",hyaF,[5],,,yjcD,[11],pduE,[12],frdC,,oppF,[14],fodG,[17],,,,,,,fadA,[22],,,,,,SL1344_0987,SL1344_1972,SL1344_2590,,SL1344_2710,,,,,,,,,,,,,,,
,,lpxD,"[3, 4]",katE,[5],,,dcuA,[11],pduG,[12],frdD,,yciN,[14],yohC,[17],,,,,,,fadD,[22],,,,,,SL1344_0988,SL1344_1973,SL1344_2591,,,,,,,,,,,,,,,,,
,,fabZ,"[3, 4]",katG,[5],,,aspA,[11],pduH,[12],nrdD,,deoT,[14],yghA,[17],,,,,,,fucA,[22],,,,,,SL1344_0989,SL1344_1974,SL1344_2592,,,,,,,,,,,,,,,,,
,,,,lacZ,[5],,,ytfE,[11],pduJ,[12],nrdD,,tyrR,[14],yciF,[17],,,,,,,fucO,[22],,,,,,SL1344_0990,SL1344_1975,SL1344_2593,,,,,,,,,,,,,,,,,
,,,,ldcC,[5],,,fhuF,[11],pduK,[12],moeA,,uspE,[14],ybiM,[17],,,,,,,fucP,[22],,,,,,SL1344_0991,SL1344_1976,SL1344_2594,,,,,,,,,,,,,,,,,
,,,,mcc,[5],,,,,pduL,[12],moeB,,ydeN,[14],yceI,[17],,,,,,,fucI,[22],,,,,,SL1344_0992,,SL1344_2595,,,,,,,,,,,,,,,,,
,,,,osmB,[5],,,,,pduM,[12],cydA,,ydgI,[14],,,,,,,,,fumA,[22],,,,,,SL1344_0993,,SL1344_2596,,,,,,,,,,,,,,,,,
,,,,osmE,[5],,,,,pduN,[12],cydB,,folM,[14],,,,,,,,,gatY,[22],,,,,,SL1344_0994,,SL1344_2597,,,,,,,,,,,,,,,,,
,,,,osmY,[5],,,,,pduO,[12],ndh,,tppB,[14],,,,,,,,,gatZ,[22],,,,,,SL1344_0995,,SL1344_2597A,,,,,,,,,,,,,,,,,
,,,,otsA,[5],,,,,pduP,[12],acnA,,astE,[14],,,,,,,,,gef,[22],,,,,,SL1344_0996,,SL1344_2598,,,,,,,,,,,,,,,,,
,,,,otsB,[5],,,,,pduQ,[12],nrdA,,astB,[14],,,,,,,,,glcC,[22],,,,,,,,SL1344_2599,,,,,,,,,,,,,,,,,
,,,,poxB,[5],,,,,pduS,[12],nrdB,,astD,[14],,,,,,,,,gntP,[22],,,,,,,,SL1344_2600,,,,,,,,,,,,,,,,,
,,,,pqi5,[5],,,,,pduT,[12],hmpA,,astA,[14],,,,,,,,,grpE,[22],,,,,,,,,,,,,,,,,,,,,,,,,
,,,,proP,[5],,,,,pduU,[12],sodA,,astC,[14],,,,,,,,,hrsA,[22],,,,,,,,,,,,,,,,,,,,,,,,,
,,,,rob,[5],,,,,pduV,[12],napA,,leuE,[14],,,,,,,,,ybgG,[22],,,,,,,,,,,,,,,,,,,,,,,,,
,,,,topA,[6],,,,,pduW,[12],napB,,sdaA,[14],,,,,,,,,hydH,[22],,,,,,,,,,,,,,,,,,,,,,,,,
,,,,treA,[7],,,,,cdd,[12],napC,,tyrP,[14],,,,,,,,,hydG,[22],,,,,,,,,,,,,,,,,,,,,,,,,
,,,,wrbA,[7],,,,,STM2186,[12],napD,,yodC,[14],,,,,,,,,inaA,[22],,,,,,,,,,,,,,,,,,,,,,,,,
,,,,xthA,[7],,,,,yeiA,[12],napF,,yeeD,[14],,,,,,,,,kbl,[22],,,,,,,,,,,,,,,,,,,,,,,,,
,,,,yciG,[8],,,,,STM2314,[12],napG,,yeeE,[14],,,,,,,,,tdh,[22],,,,,,,,,,,,,,,,,,,,,,,,,
,,,,yohF,[9],,,,,yfbK,[12],napH,,yehL,[14],,,,,,,,,kdgT,[22],,,,,,,,,,,,,,,,,,,,,,,,,
,,,,spvA,[8],,,,,nupC,[12],nrfA,,yehM,[14],,,,,,,,,leuL,[22],,,,,,,,,,,,,,,,,,,,,,,,,
,,,,spvB,[8],,,,,eutR,[12],nrfB,,yehP,[14],,,,,,,,,leuA,[22],,,,,,,,,,,,,,,,,,,,,,,,,
,,,,spvC,[8],,,,,eutK,[12],nrfC,,yehQ,[14],,,,,,,,,leuB,[22],,,,,,,,,,,,,,,,,,,,,,,,,
,,,,spvD,[8],,,,,eutL,[12],nrfD,,eco,[14],,,,,,,,,leuC,[22],,,,,,,,,,,,,,,,,,,,,,,,,
,,,,spvR,[9],,,,,eutC,[12],nrfE,,mqo,[14],,,,,,,,,leuD,[22],,,,,,,,,,,,,,,,,,,,,,,,,
,,,,stiA,[9],,,,,eutB,[12],nrfF,,yfcC,[14],,,,,,,,,marR,[22],,,,,,,,,,,,,,,,,,,,,,,,,
,,,,stiC,[8],,,,,eutA,[12],nrfG,,yfcZ,[14],,,,,,,,,marA,[22],,,,,,,,,,,,,,,,,,,,,,,,,
,,,,fimA,[8],,,,,eutH,[12],nikA,,yffQ,[14],,,,,,,,,marB,[22],,,,,,,,,,,,,,,,,,,,,,,,,
,,,,glnQ,[8],,,,,eutJ,[12],nikB,,yffR,[14],,,,,,,,,mgtA,[22],,,,,,,,,,,,,,,,,,,,,,,,,
,,,,mglA,[8],,,,,eutE,[12],nikC,,uraA,[14],,,,,,,,,mhpR,[22],,,,,,,,,,,,,,,,,,,,,,,,,
,,,,mutH,[8],,,,,eutN,[12],nikD,,upp,[14],,,,,,,,,modA,[22],,,,,,,,,,,,,,,,,,,,,,,,,
,,,,mutS,[8],,,,,eutM,[12],nikE,,purM,[14],,,,,,,,,modB,[22],,,,,,,,,,,,,,,,,,,,,,,,,
,,,,sdhA,[8],,,,,eutD,[12],,,purN,[14],,,,,,,,,modC,[22],,,,,,,,,,,,,,,,,,,,,,,,,
,,,,xylF,[8],,,,,eutT,[12],,,ppx,[14],,,,,,,,,nadA,[22],,,,,,,,,,,,,,,,,,,,,,,,,
,,,,stiB,[8],,,,,eutQ,[12],,,csiE,[14],,,,,,,,,pnuC,[22],,,,,,,,,,,,,,,,,,,,,,,,,
,,,,SdsR,[8],,,,,eutP,[12],,,sdaC,[14],,,,,,,,,ndk,[22],,,,,,,,,,,,,,,,,,,,,,,,,
,,,,spvA,[8],,,,,eutS,[12],,,sdaB,[14],,,,,,,,,nrdA,[22],,,,,,,,,,,,,,,,,,,,,,,,,
,,,,spvB,[8],,,,,cadB,[12],,,metK,[14],,,,,,,,,nrdB,[22],,,,,,,,,,,,,,,,,,,,,,,,,
,,,,spvC,[8],,,,,yfiD,[12],,,ygjG,[14],,,,,,,,,yfaE,[22],,,,,,,,,,,,,,,,,,,,,,,,,
,,,,yciE,[8],,,,,STM2740,[12],,,ygjU,[14],,,,,,,,,pflA,[22],,,,,,,,,,,,,,,,,,,,,,,,,
,,,,yciF,[8],,,,,yqfA,[12],,,tdcG,[14],,,,,,,,,ribB,[22],,,,,,,,,,,,,,,,,,,,,,,,,
,,,,STM1513,[8],,,,,nupG,[12],,,tdcF,[14],,,,,,,,,rpiR,[22],,,,,,,,,,,,,,,,,,,,,,,,,
,,,,katN,[9],,,,,STM3138,[12],,,tdcE,[14],,,,,,,,,yjcX,[22],,,,,,,,,,,,,,,,,,,,,,,,,
,,,,STm0360,[9],,,,,glgS,[12],,,tdcD,[14],,,,,,,,,yjcW,[22],,,,,,,,,,,,,,,,,,,,,,,,,
,,,,ydeI,[9],,,,,STM3216,[12],,,tdcC,[14],,,,,,,,,yjcV,[22],,,,,,,,,,,,,,,,,,,,,,,,,
,,,,ygaU,[9],,,,,aer,[12],,,tdcB,[14],,,,,,,,,yjcU,[22],,,,,,,,,,,,,,,,,,,,,,,,,
,,,,katE,[9],,,,,yhaL,[12],,,tdcA,[14],,,,,,,,,yjcT,[22],,,,,,,,,,,,,,,,,,,,,,,,,
,,,,fbaB,[8],,,,,yhaN,[12],,,mtr,[14],,,,,,,,,yjcS,[22],,,,,,,,,,,,,,,,,,,,,,,,,
,,,,STM0359,,,,,,yhaO,[12],,,yhcN,[14],,,,,,,,,sbmC,[22],,,,,,,,,,,,,,,,,,,,,,,,,
,,,,ygdI,,,,,,nanT,[12],,,yhhW,[14],,,,,,,,,sdaC,[22],,,,,,,,,,,,,,,,,,,,,,,,,
,,,,STM4519,,,,,,glgC,[12],,,livF,[14],,,,,,,,,sdaB,[22],,,,,,,,,,,,,,,,,,,,,,,,,
,,,,ybgS,,,,,,tcp,[12],,,livG,[14],,,,,,,,,exo,[22],,,,,,,,,,,,,,,,,,,,,,,,,
,,,,STM0361,,,,,,yhiI,[12],,,livM,[14],,,,,,,,,seqA,[22],,,,,,,,,,,,,,,,,,,,,,,,,
,,,,STM1558,,,,,,STM3599,[12],,,livH,[14],,,,,,,,,pgm,[22],,,,,,,,,,,,,,,,,,,,,,,,,
,,,,gmd,,,,,,STM3600,[12],,,livK,[14],,,,,,,,,sodA,[22],,,,,,,,,,,,,,,,,,,,,,,,,
,,,,spy,,,,,,STM3601,[12],,,livJ,[14],,,,,,,,,speA,[22],,,,,,,,,,,,,,,,,,,,,,,,,
,,,,ybaY,,,,,,STM3604,[12],,,yhiP,[14],,,,,,,,,speB,[22],,,,,,,,,,,,,,,,,,,,,,,,,
,,,,gcd,,,,,,yhjH,[12],,,tdh,[14],,,,,,,,,speF,[22],,,,,,,,,,,,,,,,,,,,,,,,,
,,,,pagC,,,,,,STM3690,[12],,,kbl,[14],,,,,,,,,potE,[22],,,,,,,,,,,,,,,,,,,,,,,,,
,,,,wraB,,,,,,slsA,[12],,,emrD,[14],,,,,,,,,srlA,[22],,,,,,,,,,,,,,,,,,,,,,,,,
,,,,msyB,,,,,,STM3784,[12],,,ilvM,[14],,,,,,,,,srlE,[22],,,,,,,,,,,,,,,,,,,,,,,,,
,,,,yccJ,,,,,,yidF,[12],,,ilvE,[14],,,,,,,,,srlB,[22],,,,,,,,,,,,,,,,,,,,,,,,,
,,,,yegS,,,,,,udp,[12],,,ilvD,[14],,,,,,,,,srlD,[22],,,,,,,,,,,,,,,,,,,,,,,,,
,,,,yncC,,,,,,STM4044,[12],,,ilvA,[14],,,,,,,,,gutM,[22],,,,,,,,,,,,,,,,,,,,,,,,,
,,,,yjgB,,,,,,rhaD,[12],,,yjbJ,[14],,,,,,,,,srlR,[22],,,,,,,,,,,,,,,,,,,,,,,,,
,,,,yehY,,,,,,STM4071,[12],,,yjbQ,[14],,,,,,,,,gutQ,[22],,,,,,,,,,,,,,,,,,,,,,,,,
,,,,yahO,,,,,,ydeV,[12],,,lysU,[14],,,,,,,,,thrS,[22],,,,,,,,,,,,,,,,,,,,,,,,,
,,,,yeaG,,,,,,ydeW,[12],,,yjeM,[14],,,,,,,,,infC,[22],,,,,,,,,,,,,,,,,,,,,,,,,
,,,,rpsV,,,,,,ego,[12],,,cycA,[14],,,,,,,,,rpmI,[22],,,,,,,,,,,,,,,,,,,,,,,,,
,,,,,,,,,,ydeY,[12],,,ytfK,[14],,,,,,,,,rplT,[22],,,,,,,,,,,,,,,,,,,,,,,,,
,,,,,,,,,,ydeZ,[12],,,yjiC,[14],,,,,,,,,tpiA,[22],,,,,,,,,,,,,,,,,,,,,,,,,
,,,,,,,,,,yneA,[12],,,osmY,[14],,,,,,,,,ubiB,[22],,,,,,,,,,,,,,,,,,,,,,,,,
,,,,,,,,,,yneB,[12],,,leuD,[14],,,,,,,,,ucpA,[22],,,,,,,,,,,,,,,,,,,,,,,,,
,,,,,,,,,,yneC,[12],,,leuC,[14],,,,,,,,,uidR,[22],,,,,,,,,,,,,,,,,,,,,,,,,
,,,,,,,,,,STM4080,[12],,,leuB,[14],,,,,,,,,uspA,[22],,,,,,,,,,,,,,,,,,,,,,,,,
,,,,,,,,,,cytR,[12],,,leuA,[14],,,,,,,,,uxaB,[22],,,,,,,,,,,,,,,,,,,,,,,,,
,,,,,,,,,,gldA,[12],,,leuL,[14],,,,,,,,,wzzB,[22],,,,,,,,,,,,,,,,,,,,,,,,,
,,,,,,,,,,frwC,[12],,,ilvI,[14],,,,,,,,,yaaF,[22],,,,,,,,,,,,,,,,,,,,,,,,,
,,,,,,,,,,nrfA,[12],,,ilvH,[14],,,,,,,,,yabQ,[22],,,,,,,,,,,,,,,,,,,,,,,,,
,,,,,,,,,,nrfB,[12],,,htrE,[14],,,,,,,,,yacL,[22],,,,,,,,,,,,,,,,,,,,,,,,,
,,,,,,,,,,aidB,[12],,,ecpD,[14],,,,,,,,,yadN,[22],,,,,,,,,,,,,,,,,,,,,,,,,
,,,,,,,,,,yjfN,[12],,,ykgK,[14],,,,,,,,,yaeH,[22],,,,,,,,,,,,,,,,,,,,,,,,,
,,,,,,,,,,sgaB,[12],,,ompT,[14],,,,,,,,,yahM,[22],,,,,,,,,,,,,,,,,,,,,,,,,
,,,,,,,,,,ptxA,[12],,,aroG,[14],,,,,,,,,yahO,[22],,,,,,,,,,,,,,,,,,,,,,,,,
,,,,,,,,,,STM4421,[12],,,serC,[14],,,,,,,,,yaiB,[22],,,,,,,,,,,,,,,,,,,,,,,,,
,,,,,,,,,,pyrI,[12],,,aroA,[14],,,,,,,,,phoA,[22],,,,,,,,,,,,,,,,,,,,,,,,,
,,,,,,,,,,yjgG,[12],,,lolC,[14],,,,,,,,,yajD,[22],,,,,,,,,,,,,,,,,,,,,,,,,
,,,,,,,,,,STM4463,[12],,,lolD,[14],,,,,,,,,ybbB,[22],,,,,,,,,,,,,,,,,,,,,,,,,
,,,,,,,,,,STM4464,[12],,,lolE,[14],,,,,,,,,ybeL,[22],,,,,,,,,,,,,,,,,,,,,,,,,
,,,,,,,,,,STM4465,[12],,,nagK,[14],,,,,,,,,ybfP,[22],,,,,,,,,,,,,,,,,,,,,,,,,
,,,,,,,,,,STM4466,[12],,,adhE,[14],,,,,,,,,ybhD,[22],,,,,,,,,,,,,,,,,,,,,,,,,
,,,,,,,,,,STM4467,[12],,,spr,[14],,,,,,,,,ybhJ,[22],,,,,,,,,,,,,,,,,,,,,,,,,
,,,,,,,,,,argI,[12],,,napC,[14],,,,,,,,,ybhK,[22],,,,,,,,,,,,,,,,,,,,,,,,,
,,,,,,,,,,STM4510,[12],,,napB,[14],,,,,,,,,ybiH,[22],,,,,,,,,,,,,,,,,,,,,,,,,
,,,,,,,,,,yjiE,[12],,,napH,[14],,,,,,,,,ybhF,[22],,,,,,,,,,,,,,,,,,,,,,,,,
,,,,,,,,,,iadA,[12],,,napG,[14],,,,,,,,,ybhS,[22],,,,,,,,,,,,,,,,,,,,,,,,,
,,,,,,,,,,yjiG,[12],,,napA,[14],,,,,,,,,ybhR,[22],,,,,,,,,,,,,,,,,,,,,,,,,
,,,,,,,,,,hsdR,[12],,,napD,[14],,,,,,,,,ybiP,[22],,,,,,,,,,,,,,,,,,,,,,,,,
,,,,,,,,,,deoC,[12],,,napF,[14],,,,,,,,,ycdZ,[22],,,,,,,,,,,,,,,,,,,,,,,,,
,,,,,,,,,,deoA,[12],,,lrhA,[14],,,,,,,,,ychH,[22],,,,,,,,,,,,,,,,,,,,,,,,,
,,,,,,,,,,yjjY,[12],,,yfbQ,[14],,,,,,,,,ydcH,[22],,,,,,,,,,,,,,,,,,,,,,,,,
,,,,,,,,,,PSLT042,[12],,,fadJ,[14],,,,,,,,,ydeD,[22],,,,,,,,,,,,,,,,,,,,,,,,,
,,,,,,,,,,PSLT047,[12],,,fadI,[14],,,,,,,,,ydeF,[22],,,,,,,,,,,,,,,,,,,,,,,,,
,,,,,,,,,,tlpA,[12],,,stpA,[14],,,,,,,,,ydeI,[22],,,,,,,,,,,,,,,,,,,,,,,,,
,,,,,,,,,,PSLT049,[12],,,yqeF,[14],,,,,,,,,yeaA,[22],,,,,,,,,,,,,,,,,,,,,,,,,
,,,,,,,,,,PSLT050,[12],,,gcvP,[14],,,,,,,,,yedE,[22],,,,,,,,,,,,,,,,,,,,,,,,,
,,,,,,,,,,traC,[12],,,gcvH,[14],,,,,,,,,yedF,[22],,,,,,,,,,,,,,,,,,,,,,,,,
,,,,,,,,,,PSLT106,[12],,,gcvT,[14],,,,,,,,,yedK,[22],,,,,,,,,,,,,,,,,,,,,,,,,
,,,,,,,,,,STM0018,[12],,,serA,[14],,,,,,,,,yedL,[22],,,,,,,,,,,,,,,,,,,,,,,,,
,,,,,,,,,,nhaA,[12],,,ansB,[14],,,,,,,,,yedM,[22],,,,,,,,,,,,,,,,,,,,,,,,,
,,,,,,,,,,nhaR,[12],,,gltB,[14],,,,,,,,,yedN,[22],,,,,,,,,,,,,,,,,,,,,,,,,
,,,,,,,,,,hepA,[12],,,gltD,[14],,,,,,,,,yeeA,[22],,,,,,,,,,,,,,,,,,,,,,,,,
,,,,,,,,,,gcd,[12],,,gltF,[14],,,,,,,,,yeeX,[22],,,,,,,,,,,,,,,,,,,,,,,,,
,,,,,,,,,,stiC,[12],,,yzgL,[14],,,,,,,,,yejK,[22],,,,,,,,,,,,,,,,,,,,,,,,,
,,,,,,,,,,yafC,[12],,,yhjE,[14],,,,,,,,,yfaD,[22],,,,,,,,,,,,,,,,,,,,,,,,,
,,,,,,,,,,STM0289,[12],,,dppF,[14],,,,,,,,,yfaH,[22],,,,,,,,,,,,,,,,,,,,,,,,,
,,,,,,,,,,yafH,[12],,,dppD,[14],,,,,,,,,yfaO,[22],,,,,,,,,,,,,,,,,,,,,,,,,
,,,,,,,,,,STM0314,[12],,,dppC,[14],,,,,,,,,yfeA,[22],,,,,,,,,,,,,,,,,,,,,,,,,
,,,,,,,,,,prfH,[12],,,dppB,[14],,,,,,,,,yfeC,[22],,,,,,,,,,,,,,,,,,,,,,,,,
,,,,,,,,,,STM0356,[12],,,dppA,[14],,,,,,,,,yfeD,[22],,,,,,,,,,,,,,,,,,,,,,,,,
,,,,,,,,,,phoR,[12],,,avtA,[14],,,,,,,,,yfiD,[22],,,,,,,,,,,,,,,,,,,,,,,,,
,,,,,,,,,,cyoE,[12],,,ilvN,[14],,,,,,,,,ygbL,[22],,,,,,,,,,,,,,,,,,,,,,,,,
,,,,,,,,,,cyoD,[12],,,ilvB,[14],,,,,,,,,ygbM,[22],,,,,,,,,,,,,,,,,,,,,,,,,
,,,,,,,,,,cyoC,[12],,,ivbL,[14],,,,,,,,,ygcB,[22],,,,,,,,,,,,,,,,,,,,,,,,,
,,,,,,,,,,cyoB,[12],,,aceB,[14],,,,,,,,,yggG,[22],,,,,,,,,,,,,,,,,,,,,,,,,
,,,,,,,,,,cyoA,[12],,,aceA,[14],,,,,,,,,yghA,[22],,,,,,,,,,,,,,,,,,,,,,,,,
,,,,,,,,,,STM0581,[12],,,aceK,[14],,,,,,,,,ygjU,[22],,,,,,,,,,,,,,,,,,,,,,,,,
,,,,,,,,,,ybdJ,[12],,,fumB,[14],,,,,,,,,ygjV,[22],,,,,,,,,,,,,,,,,,,,,,,,,
,,,,,,,,,,cstA,[12],,,dcuB,[14],,,,,,,,,yhaB,[22],,,,,,,,,,,,,,,,,,,,,,,,,
,,,,,,,,,,ybeF,[12],,,dcuA,[14],,,,,,,,,yhaC,[22],,,,,,,,,,,,,,,,,,,,,,,,,
,,,,,,,,,,gltL,[12],,,aspA,[14],,,,,,,,,yhcB,[22],,,,,,,,,,,,,,,,,,,,,,,,,
,,,,,,,,,,gltK,[12],,,fimA,[14],,,,,,,,,yhcM,[22],,,,,,,,,,,,,,,,,,,,,,,,,
,,,,,,,,,,gltJ,[12],,,fimI,[14],,,,,,,,,yhdG,[22],,,,,,,,,,,,,,,,,,,,,,,,,
,,,,,,,,,,gltI,[12],,,fimC,[14],,,,,,,,,fis,[22],,,,,,,,,,,,,,,,,,,,,,,,,
,,,,,,,,,,abrB,[12],,,fimD,[14],,,,,,,,,yhdJ,[22],,,,,,,,,,,,,,,,,,,,,,,,,
,,,,,,,,,,sucC,[12],,,fimF,[14],,,,,,,,,yhdU,[22],,,,,,,,,,,,,,,,,,,,,,,,,
,,,,,,,,,,sucD,[12],,,fimG,[14],,,,,,,,,yhfM,[22],,,,,,,,,,,,,,,,,,,,,,,,,
,,,,,,,,,,hutU,[12],,,fimH,[14],,,,,,,,,yhfN,[22],,,,,,,,,,,,,,,,,,,,,,,,,
,,,,,,,,,,hutH,[12],,,serB,[14],,,,,,,,,yhfO,[22],,,,,,,,,,,,,,,,,,,,,,,,,
,,,,,,,,,,bioA,[12],,,radA,[14],,,,,,,,,yhfP,[22],,,,,,,,,,,,,,,,,,,,,,,,,
,,,,,,,,,,ybhP,[12],,,,,,,,,,,,,yhfQ,[22],,,,,,,,,,,,,,,,,,,,,,,,,
,,,,,,,,,,ybiS,[12],,,,,,,,,,,,,yhfR,[22],,,,,,,,,,,,,,,,,,,,,,,,,
,,,,,,,,,,ybiT,[12],,,,,,,,,,,,,yhfZ,[22],,,,,,,,,,,,,,,,,,,,,,,,,
,,,,,,,,,,ybiU,[12],,,,,,,,,,,,,yhfY,[22],,,,,,,,,,,,,,,,,,,,,,,,,
,,,,,,,,,,ybiV(1),[12],,,,,,,,,,,,,yhiP,[22],,,,,,,,,,,,,,,,,,,,,,,,,
,,,,,,,,,,STM0858,[12],,,,,,,,,,,,,yhjJ,[22],,,,,,,,,,,,,,,,,,,,,,,,,
,,,,,,,,,,potF,[12],,,,,,,,,,,,,yidE,[22],,,,,,,,,,,,,,,,,,,,,,,,,
,,,,,,,,,,potG,[12],,,,,,,,,,,,,yidP,[22],,,,,,,,,,,,,,,,,,,,,,,,,
,,,,,,,,,,STM0914,[12],,,,,,,,,,,,,yidW,[22],,,,,,,,,,,,,,,,,,,,,,,,,
,,,,,,,,,,STM0915,[12],,,,,,,,,,,,,dgoK,[22],,,,,,,,,,,,,,,,,,,,,,,,,
,,,,,,,,,,STM0916,[12],,,,,,,,,,,,,dgoA,[22],,,,,,,,,,,,,,,,,,,,,,,,,
,,,,,,,,,,STM0917,[12],,,,,,,,,,,,,yieP,[22],,,,,,,,,,,,,,,,,,,,,,,,,
,,,,,,,,,,STM0925,[12],,,,,,,,,,,,,yieO,[22],,,,,,,,,,,,,,,,,,,,,,,,,
,,,,,,,,,,STM0927,[12],,,,,,,,,,,,,yigC,[22],,,,,,,,,,,,,,,,,,,,,,,,,
,,,,,,,,,,poxB,[12],,,,,,,,,,,,,yihV,[22],,,,,,,,,,,,,,,,,,,,,,,,,
,,,,,,,,,,STM0952,[12],,,,,,,,,,,,,yihW,[22],,,,,,,,,,,,,,,,,,,,,,,,,
,,,,,,,,,,cmk,[12],,,,,,,,,,,,,yihX,[22],,,,,,,,,,,,,,,,,,,,,,,,,
,,,,,,,,,,STM1029,[12],,,,,,,,,,,,,rbn,[22],,,,,,,,,,,,,,,,,,,,,,,,,
,,,,,,,,,,STM1034,[12],,,,,,,,,,,,,yihZ,[22],,,,,,,,,,,,,,,,,,,,,,,,,
,,,,,,,,,,STM1041,[12],,,,,,,,,,,,,yiiD,[22],,,,,,,,,,,,,,,,,,,,,,,,,
,,,,,,,,,,aSTM1046,[12],,,,,,,,,,,,,yiiM,[22],,,,,,,,,,,,,,,,,,,,,,,,,
,,,,,,,,,,STM1050,[12],,,,,,,,,,,,,yjaE,[22],,,,,,,,,,,,,,,,,,,,,,,,,
,,,,,,,,,,STM1052,[12],,,,,,,,,,,,,yjeM,[22],,,,,,,,,,,,,,,,,,,,,,,,,
,,,,,,,,,,STM1060,[12],,,,,,,,,,,,,yjeN,[22],,,,,,,,,,,,,,,,,,,,,,,,,
,,,,,,,,,,hpaG,[12],,,,,,,,,,,,,yjeO,[22],,,,,,,,,,,,,,,,,,,,,,,,,
,,,,,,,,,,ycdC,[12],,,,,,,,,,,,,yjfG,[22],,,,,,,,,,,,,,,,,,,,,,,,,
,,,,,,,,,,STM1123,[12],,,,,,,,,,,,,yjhB,[22],,,,,,,,,,,,,,,,,,,,,,,,,
,,,,,,,,,,putA,[12],,,,,,,,,,,,,yjhC,[22],,,,,,,,,,,,,,,,,,,,,,,,,
,,,,,,,,,,putP,[12],,,,,,,,,,,,,yjhQ,[22],,,,,,,,,,,,,,,,,,,,,,,,,
,,,,,,,,,,ptsG,[12],,,,,,,,,,,,,yjhP,[22],,,,,,,,,,,,,,,,,,,,,,,,,
,,,,,,,,,,ycfR,[12],,,,,,,,,,,,,yjiM,[22],,,,,,,,,,,,,,,,,,,,,,,,,
,,,,,,,,,,potB,[12],,,,,,,,,,,,,yjiL,[22],,,,,,,,,,,,,,,,,,,,,,,,,
,,,,,,,,,,potA,[12],,,,,,,,,,,,,yjiK,[22],,,,,,,,,,,,,,,,,,,,,,,,,
,,,,,,,,,,pagC,[12],,,,,,,,,,,,,yjiJ,[22],,,,,,,,,,,,,,,,,,,,,,,,,
,,,,,,,,,,yeaM,[12],,,,,,,,,,,,,yjjM,[22],,,,,,,,,,,,,,,,,,,,,,,,,
,,,,,,,,,,astC,[12],,,,,,,,,,,,,yjjY,[22],,,,,,,,,,,,,,,,,,,,,,,,,
,,,,,,,,,,astA,[12],,,,,,,,,,,,,ynfM,[22],,,,,,,,,,,,,,,,,,,,,,,,,
,,,,,,,,,,astD,[12],,,,,,,,,,,,,yqeA,[22],,,,,,,,,,,,,,,,,,,,,,,,,
,,,,,,,,,,astB,[12],,,,,,,,,,,,,yqgA,[22],,,,,,,,,,,,,,,,,,,,,,,,,
,,,,,,,,,,STM1328,[12],,,,,,,,,,,,,yqgB,[22],,,,,,,,,,,,,,,,,,,,,,,,,
,,,,,,,,,,ydiH,[12],,,,,,,,,,,,,yqhA,[22],,,,,,,,,,,,,,,,,,,,,,,,,
,,,,,,,,,,STM1368,[12],,,,,,,,,,,,,yqiE,[22],,,,,,,,,,,,,,,,,,,,,,,,,
,,,,,,,,,,STM1459,[12],,,,,,,,,,,,,yqiB,[22],,,,,,,,,,,,,,,,,,,,,,,,,
,,,,,,,,,,marB,[12],,,,,,,,,,,,,icc,[22],,,,,,,,,,,,,,,,,,,,,,,,,
,,,,,,,,,,marA,[12],,,,,,,,,,,,,yqiA,[22],,,,,,,,,,,,,,,,,,,,,,,,,
,,,,,,,,,,marR,[12],,,,,,,,,,,,,parE,[22],,,,,,,,,,,,,,,,,,,,,,,,,
,,,,,,,,,,STM1538,[12],,,,,,,,,,,,,ytfQ,[22],,,,,,,,,,,,,,,,,,,,,,,,,
,,,,,,,,,,STM1539,[12],,,,,,,,,,,,,ytfR,[22],,,,,,,,,,,,,,,,,,,,,,,,,
,,,,,,,,,,STM1548,[12],,,,,,,,,,,,,ytfS,[22],,,,,,,,,,,,,,,,,,,,,,,,,
,,,,,,,,,,ydcI,[12],,,,,,,,,,,,,ytfT,[22],,,,,,,,,,,,,,,,,,,,,,,,,
,,,,,,,,,,STM1668,[12],,,,,,,,,,,,,yjfF,[22],,,,,,,,,,,,,,,,,,,,,,,,,
,,,,,,,,,,acnA,[12],,,,,,,,,,,,,zipA,[22],,,,,,,,,,,,,,,,,,,,,,,,,
,,,,,,,,,,yciG,[12],,,,,,,,,,,,,bglG,[22],,,,,,,,,,,,,,,,,,,,,,,,,
,,,,,,,,,,yciF,[12],,,,,,,,,,,,,dctA,[22],,,,,,,,,,,,,,,,,,,,,,,,,
,,,,,,,,,,yciE,[12],,,,,,,,,,,,,rbsD,[22],,,,,,,,,,,,,,,,,,,,,,,,,
,,,,,,,,,,STM1731,[12],,,,,,,,,,,,,rbsA,[22],,,,,,,,,,,,,,,,,,,,,,,,,
,,,,,,,,,,chaA,[12],,,,,,,,,,,,,rbsC,[22],,,,,,,,,,,,,,,,,,,,,,,,,
,,,,,,,,,,STM1786,[12],,,,,,,,,,,,,rbsB,[22],,,,,,,,,,,,,,,,,,,,,,,,,
,,,,,,,,,,STM1788,[12],,,,,,,,,,,,,rbsK,[22],,,,,,,,,,,,,,,,,,,,,,,,,
,,,,,,,,,,STM1790,[12],,,,,,,,,,,,,rbsR,[22],,,,,,,,,,,,,,,,,,,,,,,,,
,,,,,,,,,,STM1791,[12],,,,,,,,,,,,,rhaS,[22],,,,,,,,,,,,,,,,,,,,,,,,,
,,,,,,,,,,STM1795,[12],,,,,,,,,,,,,rhaR,[22],,,,,,,,,,,,,,,,,,,,,,,,,
,,,,,,,,,,dadX,[12],,,,,,,,,,,,,sdhC,[22],,,,,,,,,,,,,,,,,,,,,,,,,
,,,,,,,,,,dadA,[12],,,,,,,,,,,,,sdhD,[22],,,,,,,,,,,,,,,,,,,,,,,,,
,,,,,,,,,,rnd,[12],,,,,,,,,,,,,sdhA,[22],,,,,,,,,,,,,,,,,,,,,,,,,
,,,,,,,,,,fadD,[12],,,,,,,,,,,,,sdhB,[22],,,,,,,,,,,,,,,,,,,,,,,,,
,,,,,,,,,,yebN,[12],,,,,,,,,,,,,tnaL,[22],,,,,,,,,,,,,,,,,,,,,,,,,
,,,,,,,,,,rrmA,[12],,,,,,,,,,,,,tnaA,[22],,,,,,,,,,,,,,,,,,,,,,,,,
,,,,,,,,,,yebU,[12],,,,,,,,,,,,,tnaB,[22],,,,,,,,,,,,,,,,,,,,,,,,,
,,,,,,,,,,STM1851,[12],,,,,,,,,,,,,treB,[22],,,,,,,,,,,,,,,,,,,,,,,,,
,,,,,,,,,,STM1857,[12],,,,,,,,,,,,,treC,[22],,,,,,,,,,,,,,,,,,,,,,,,,
,,,,,,,,,,pagK,[12],,,,,,,,,,,,,focA,[22],,,,,,,,,,,,,,,,,,,,,,,,,
,,,,,,,,,,mig-3,[12],,,,,,,,,,,,,pflB,[22],,,,,,,,,,,,,,,,,,,,,,,,,
,,,,,,,,,,yebE,[12],,,,,,,,,,,,,galS,[22],,,,,,,,,,,,,,,,,,,,,,,,,
,,,,,,,,,,yebF,[12],,,,,,,,,,,,,glpT,[22],,,,,,,,,,,,,,,,,,,,,,,,,
,,,,,,,,,,yebG,[12],,,,,,,,,,,,,glpQ,[22],,,,,,,,,,,,,,,,,,,,,,,,,
,,,,,,,,,,STM1896,[12],,,,,,,,,,,,,malX,[22],,,,,,,,,,,,,,,,,,,,,,,,,
,,,,,,,,,,otsA,[12],,,,,,,,,,,,,malY,[22],,,,,,,,,,,,,,,,,,,,,,,,,
,,,,,,,,,,otsB,[12],,,,,,,,,,,,,melR,[22],,,,,,,,,,,,,,,,,,,,,,,,,
,,,,,,,,,,yegQ,[12],,,,,,,,,,,,,mglB,[22],,,,,,,,,,,,,,,,,,,,,,,,,
,,,,,,,,,,yehX,[12],,,,,,,,,,,,,mglA,[22],,,,,,,,,,,,,,,,,,,,,,,,,
,,,,,,,,,,setB,[12],,,,,,,,,,,,,mglC,[22],,,,,,,,,,,,,,,,,,,,,,,,,
,,,,,,,,,,STM2208,[12],,,,,,,,,,,,,ptsG,[22],,,,,,,,,,,,,,,,,,,,,,,,,
,,,,,,,,,,STM2209,[12],,,,,,,,,,,,,ptsH,[22],,,,,,,,,,,,,,,,,,,,,,,,,
,,,,,,,,,,yejF,[12],,,,,,,,,,,,,ptsI,[22],,,,,,,,,,,,,,,,,,,,,,,,,
,,,,,,,,,,yejG,[12],,,,,,,,,,,,,crr,[22],,,,,,,,,,,,,,,,,,,,,,,,,
,,,,,,,,,,sspH2,[12],,,,,,,,,,,,,yhfA,[22],,,,,,,,,,,,,,,,,,,,,,,,,
,,,,,,,,,,STM2243,[12],,,,,,,,,,,,,aspA,[22],,,,,,,,,,,,,,,,,,,,,,,,,
,,,,,,,,,,STM2244,[12],,,,,,,,,,,,,deoC,[22],,,,,,,,,,,,,,,,,,,,,,,,,
,,,,,,,,,,STM2340,[12],,,,,,,,,,,,,deoA,[22],,,,,,,,,,,,,,,,,,,,,,,,,
,,,,,,,,,,STM2341,[12],,,,,,,,,,,,,deoB,[22],,,,,,,,,,,,,,,,,,,,,,,,,
,,,,,,,,,,STM2342,[12],,,,,,,,,,,,,deoD,[22],,,,,,,,,,,,,,,,,,,,,,,,,
,,,,,,,,,,STM2343,[12],,,,,,,,,,,,,glpA,[22],,,,,,,,,,,,,,,,,,,,,,,,,
,,,,,,,,,,STM2344,[12],,,,,,,,,,,,,glpC,[22],,,,,,,,,,,,,,,,,,,,,,,,,
,,,,,,,,,,argT,[12],,,,,,,,,,,,,glpB,[22],,,,,,,,,,,,,,,,,,,,,,,,,
,,,,,,,,,,fadL,[12],,,,,,,,,,,,,manX,[22],,,,,,,,,,,,,,,,,,,,,,,,,
,,,,,,,,,,ddg,[12],,,,,,,,,,,,,manY,[22],,,,,,,,,,,,,,,,,,,,,,,,,
,,,,,,,,,,guaB,[12],,,,,,,,,,,,,manZ,[22],,,,,,,,,,,,,,,,,,,,,,,,,
,,,,,,,,,,ndk,[12],,,,,,,,,,,,,nupC,[22],,,,,,,,,,,,,,,,,,,,,,,,,
,,,,,,,,,,STM2585,[12],,,,,,,,,,,,,nupG,[22],,,,,,,,,,,,,,,,,,,,,,,,,
,,,,,,,,,,STM2586,[12],,,,,,,,,,,,,rpoH,[22],,,,,,,,,,,,,,,,,,,,,,,,,
,,,,,,,,,,STM2588,[12],,,,,,,,,,,,,tsx,[22],,,,,,,,,,,,,,,,,,,,,,,,,
,,,,,,,,,,STM2589,[12],,,,,,,,,,,,,yjcB,[22],,,,,,,,,,,,,,,,,,,,,,,,,
,,,,,,,,,,aSTM2590,[12],,,,,,,,,,,,,ycfR,[22],,,,,,,,,,,,,,,,,,,,,,,,,
,,,,,,,,,,STM2591,[12],,,,,,,,,,,,,metK,[22],,,,,,,,,,,,,,,,,,,,,,,,,
,,,,,,,,,,STM2592,[12],,,,,,,,,,,,,nirB,[22],,,,,,,,,,,,,,,,,,,,,,,,,
,,,,,,,,,,STM2593,[12],,,,,,,,,,,,,nirD,[22],,,,,,,,,,,,,,,,,,,,,,,,,
,,,,,,,,,,STM2594,[12],,,,,,,,,,,,,ybiS,[22],,,,,,,,,,,,,,,,,,,,,,,,,
,,,,,,,,,,STM2596,[12],,,,,,,,,,,,,ykfC,[22],,,,,,,,,,,,,,,,,,,,,,,,,
,,,,,,,,,,STM2597,[12],,,,,,,,,,,,,yhfC,[22],,,,,,,,,,,,,,,,,,,,,,,,,
,,,,,,,,,,STM2598,[12],,,,,,,,,,,,,rbfA,[22],,,,,,,,,,,,,,,,,,,,,,,,,
,,,,,,,,,,STM2599,[12],,,,,,,,,,,,,truB,[22],,,,,,,,,,,,,,,,,,,,,,,,,
,,,,,,,,,,STM2600,[12],,,,,,,,,,,,,panF,[22],,,,,,,,,,,,,,,,,,,,,,,,,
,,,,,,,,,,STM2601,[12],,,,,,,,,,,,,prmA,[22],,,,,,,,,,,,,,,,,,,,,,,,,
,,,,,,,,,,STM2602,[12],,,,,,,,,,,,,amiC,[22],,,,,,,,,,,,,,,,,,,,,,,,,
,,,,,,,,,,STM2603,[12],,,,,,,,,,,,,ydfK,[22],,,,,,,,,,,,,,,,,,,,,,,,,
,,,,,,,,,,STM2604,[12],,,,,,,,,,,,,yeeF,[22],,,,,,,,,,,,,,,,,,,,,,,,,
,,,,,,,,,,STM2605,[12],,,,,,,,,,,,,ygfJ,[22],,,,,,,,,,,,,,,,,,,,,,,,,
,,,,,,,,,,STM2606,[12],,,,,,,,,,,,,ynaE,[22],,,,,,,,,,,,,,,,,,,,,,,,,
,,,,,,,,,,STM2607,[12],,,,,,,,,,,,,pncB,[22],,,,,,,,,,,,,,,,,,,,,,,,,
,,,,,,,,,,STM2608,[12],,,,,,,,,,,,,apbA,[22],,,,,,,,,,,,,,,,,,,,,,,,,
,,,,,,,,,,STM2609,[12],,,,,,,,,,,,,yojL,[22],,,,,,,,,,,,,,,,,,,,,,,,,
,,,,,,,,,,STM2610,[12],,,,,,,,,,,,,acs,[22],,,,,,,,,,,,,,,,,,,,,,,,,
,,,,,,,,,,STM2611,[12],,,,,,,,,,,,,aldA,[22],,,,,,,,,,,,,,,,,,,,,,,,,
,,,,,,,,,,STM2617,[12],,,,,,,,,,,,,fruB,[22],,,,,,,,,,,,,,,,,,,,,,,,,
,,,,,,,,,,recN,[12],,,,,,,,,,,,,fruK,[22],,,,,,,,,,,,,,,,,,,,,,,,,
,,,,,,,,,,STM2708,[12],,,,,,,,,,,,,gatA,[22],,,,,,,,,,,,,,,,,,,,,,,,,
,,,,,,,,,,STM2750,[12],,,,,,,,,,,,,gatC,[22],,,,,,,,,,,,,,,,,,,,,,,,,
,,,,,,,,,,STM2753,[12],,,,,,,,,,,,,gatD,[22],,,,,,,,,,,,,,,,,,,,,,,,,
,,,,,,,,,,aSTM2779,[12],,,,,,,,,,,,,gcvP,[22],,,,,,,,,,,,,,,,,,,,,,,,,
,,,,,,,,,,STM2780,[12],,,,,,,,,,,,,glpF,[22],,,,,,,,,,,,,,,,,,,,,,,,,
,,,,,,,,,,nxiA,[12],,,,,,,,,,,,,glpK,[22],,,,,,,,,,,,,,,,,,,,,,,,,
,,,,,,,,,,tctE,[12],,,,,,,,,,,,,nmpC,[22],,,,,,,,,,,,,,,,,,,,,,,,,
,,,,,,,,,,STM2786,[12],,,,,,,,,,,,,ompF,[22],,,,,,,,,,,,,,,,,,,,,,,,,
,,,,,,,,,,STM2787,[12],,,,,,,,,,,,,ybeK,[22],,,,,,,,,,,,,,,,,,,,,,,,,
,,,,,,,,,,STM2788,[12],,,,,,,,,,,,,yihQ,[22],,,,,,,,,,,,,,,,,,,,,,,,,
,,,,,,,,,,STM2789,[12],,,,,,,,,,,,,sucC,[22],,,,,,,,,,,,,,,,,,,,,,,,,
,,,,,,,,,,ygaF,[12],,,,,,,,,,,,,sucD,[22],,,,,,,,,,,,,,,,,,,,,,,,,
,,,,,,,,,,gabD,[12],,,,,,,,,,,,,gcd,[22],,,,,,,,,,,,,,,,,,,,,,,,,
,,,,,,,,,,gabT,[12],,,,,,,,,,,,,proP,[22],,,,,,,,,,,,,,,,,,,,,,,,,
,,,,,,,,,,ygaP,[12],,,,,,,,,,,,,trpL,[22],,,,,,,,,,,,,,,,,,,,,,,,,
,,,,,,,,,,ygaM,[12],,,,,,,,,,,,,trpE,[22],,,,,,,,,,,,,,,,,,,,,,,,,
,,,,,,,,,,yqeF,[12],,,,,,,,,,,,,trpD,[22],,,,,,,,,,,,,,,,,,,,,,,,,
,,,,,,,,,,STM3022,[12],,,,,,,,,,,,,trpC,[22],,,,,,,,,,,,,,,,,,,,,,,,,
,,,,,,,,,,yohM,[12],,,,,,,,,,,,,trpA,[22],,,,,,,,,,,,,,,,,,,,,,,,,
,,,,,,,,,,STM3124,[12],,,,,,,,,,,,,yagU,[22],,,,,,,,,,,,,,,,,,,,,,,,,
,,,,,,,,,,STM3127,[12],,,,,,,,,,,,,,,,,,,,,,,,,,,,,,,,,,,,,,,
,,,,,,,,,,yghA,[12],,,,,,,,,,,,,,,,,,,,,,,,,,,,,,,,,,,,,,,
,,,,,,,,,,dnaG,[12],,,,,,,,,,,,,,,,,,,,,,,,,,,,,,,,,,,,,,,
,,,,,,,,,,oat,[12],,,,,,,,,,,,,,,,,,,,,,,,,,,,,,,,,,,,,,,
,,,,,,,,,,ygjT,[12],,,,,,,,,,,,,,,,,,,,,,,,,,,,,,,,,,,,,,,
,,,,,,,,,,ygjU,[12],,,,,,,,,,,,,,,,,,,,,,,,,,,,,,,,,,,,,,,
,,,,,,,,,,deaD,[12],,,,,,,,,,,,,,,,,,,,,,,,,,,,,,,,,,,,,,,
,,,,,,,,,,truB,[12],,,,,,,,,,,,,,,,,,,,,,,,,,,,,,,,,,,,,,,
,,,,,,,,,,yhbC,[12],,,,,,,,,,,,,,,,,,,,,,,,,,,,,,,,,,,,,,,
,,,,,,,,,,yhbZ,[12],,,,,,,,,,,,,,,,,,,,,,,,,,,,,,,,,,,,,,,
,,,,,,,,,,rpmA,[12],,,,,,,,,,,,,,,,,,,,,,,,,,,,,,,,,,,,,,,
,,,,,,,,,,yhdG,[12],,,,,,,,,,,,,,,,,,,,,,,,,,,,,,,,,,,,,,,
,,,,,,,,,,fis,[12],,,,,,,,,,,,,,,,,,,,,,,,,,,,,,,,,,,,,,,
,,,,,,,,,,yheR,[12],,,,,,,,,,,,,,,,,,,,,,,,,,,,,,,,,,,,,,,
,,,,,,,,,,ugpA,[12],,,,,,,,,,,,,,,,,,,,,,,,,,,,,,,,,,,,,,,
,,,,,,,,,,zntA,[12],,,,,,,,,,,,,,,,,,,,,,,,,,,,,,,,,,,,,,,
,,,,,,,,,,yhjV,[12],,,,,,,,,,,,,,,,,,,,,,,,,,,,,,,,,,,,,,,
,,,,,,,,,,dppF,[12],,,,,,,,,,,,,,,,,,,,,,,,,,,,,,,,,,,,,,,
,,,,,,,,,,dppD,[12],,,,,,,,,,,,,,,,,,,,,,,,,,,,,,,,,,,,,,,
,,,,,,,,,,dppC,[12],,,,,,,,,,,,,,,,,,,,,,,,,,,,,,,,,,,,,,,
,,,,,,,,,,dppB,[12],,,,,,,,,,,,,,,,,,,,,,,,,,,,,,,,,,,,,,,
,,,,,,,,,,dppA,[12],,,,,,,,,,,,,,,,,,,,,,,,,,,,,,,,,,,,,,,
,,,,,,,,,,STM3651,[12],,,,,,,,,,,,,,,,,,,,,,,,,,,,,,,,,,,,,,,
,,,,,,,,,,lldP,[12],,,,,,,,,,,,,,,,,,,,,,,,,,,,,,,,,,,,,,,
,,,,,,,,,,lldR,[12],,,,,,,,,,,,,,,,,,,,,,,,,,,,,,,,,,,,,,,
,,,,,,,,,,lldD,[12],,,,,,,,,,,,,,,,,,,,,,,,,,,,,,,,,,,,,,,
,,,,,,,,,,yibK,[12],,,,,,,,,,,,,,,,,,,,,,,,,,,,,,,,,,,,,,,
,,,,,,,,,,pmgI,[12],,,,,,,,,,,,,,,,,,,,,,,,,,,,,,,,,,,,,,,
,,,,,,,,,,mgtB,[12],,,,,,,,,,,,,,,,,,,,,,,,,,,,,,,,,,,,,,,
,,,,,,,,,,mgtC,[12],,,,,,,,,,,,,,,,,,,,,,,,,,,,,,,,,,,,,,,
,,,,,,,,,,ibpB,[12],,,,,,,,,,,,,,,,,,,,,,,,,,,,,,,,,,,,,,,
,,,,,,,,,,pstA,[12],,,,,,,,,,,,,,,,,,,,,,,,,,,,,,,,,,,,,,,
,,,,,,,,,,pstC,[12],,,,,,,,,,,,,,,,,,,,,,,,,,,,,,,,,,,,,,,
,,,,,,,,,,pstS,[12],,,,,,,,,,,,,,,,,,,,,,,,,,,,,,,,,,,,,,,
,,,,,,,,,,yigI,[12],,,,,,,,,,,,,,,,,,,,,,,,,,,,,,,,,,,,,,,
,,,,,,,,,,fadA,[12],,,,,,,,,,,,,,,,,,,,,,,,,,,,,,,,,,,,,,,
,,,,,,,,,,fadB,[12],,,,,,,,,,,,,,,,,,,,,,,,,,,,,,,,,,,,,,,
,,,,,,,,,,STM4014,[12],,,,,,,,,,,,,,,,,,,,,,,,,,,,,,,,,,,,,,,
,,,,,,,,,,cpxP,[12],,,,,,,,,,,,,,,,,,,,,,,,,,,,,,,,,,,,,,,
,,,,,,,,,,sbp,[12],,,,,,,,,,,,,,,,,,,,,,,,,,,,,,,,,,,,,,,
,,,,,,,,,,glpX,[12],,,,,,,,,,,,,,,,,,,,,,,,,,,,,,,,,,,,,,,
,,,,,,,,,,udhA,[12],,,,,,,,,,,,,,,,,,,,,,,,,,,,,,,,,,,,,,,
,,,,,,,,,,STM4158,[12],,,,,,,,,,,,,,,,,,,,,,,,,,,,,,,,,,,,,,,
,,,,,,,,,,STM4198,[12],,,,,,,,,,,,,,,,,,,,,,,,,,,,,,,,,,,,,,,
,,,,,,,,,,dinF,[12],,,,,,,,,,,,,,,,,,,,,,,,,,,,,,,,,,,,,,,
,,,,,,,,,,yjcG,[12],,,,,,,,,,,,,,,,,,,,,,,,,,,,,,,,,,,,,,,
,,,,,,,,,,yjcH,[12],,,,,,,,,,,,,,,,,,,,,,,,,,,,,,,,,,,,,,,
,,,,,,,,,,acs,[12],,,,,,,,,,,,,,,,,,,,,,,,,,,,,,,,,,,,,,,
,,,,,,,,,,adiY,[12],,,,,,,,,,,,,,,,,,,,,,,,,,,,,,,,,,,,,,,
,,,,,,,,,,dcuB,[12],,,,,,,,,,,,,,,,,,,,,,,,,,,,,,,,,,,,,,,
,,,,,,,,,,STM4314,[12],,,,,,,,,,,,,,,,,,,,,,,,,,,,,,,,,,,,,,,
,,,,,,,,,,STM4320,[12],,,,,,,,,,,,,,,,,,,,,,,,,,,,,,,,,,,,,,,
,,,,,,,,,,yjeM,[12],,,,,,,,,,,,,,,,,,,,,,,,,,,,,,,,,,,,,,,
,,,,,,,,,,yjeS,[12],,,,,,,,,,,,,,,,,,,,,,,,,,,,,,,,,,,,,,,
,,,,,,,,,,cycA,[12],,,,,,,,,,,,,,,,,,,,,,,,,,,,,,,,,,,,,,,
,,,,,,,,,,ytfF,[12],,,,,,,,,,,,,,,,,,,,,,,,,,,,,,,,,,,,,,,
,,,,,,,,,,msrA,[12],,,,,,,,,,,,,,,,,,,,,,,,,,,,,,,,,,,,,,,
,,,,,,,,,,rimI,[12],,,,,,,,,,,,,,,,,,,,,,,,,,,,,,,,,,,,,,,
,,,,,,,,,,STM4562,[12],,,,,,,,,,,,,,,,,,,,,,,,,,,,,,,,,,,,,,,
